/*
SQLyog Job Agent v12.09 (64 bit) Copyright(c) Webyog Inc. All Rights Reserved.


MySQL - 5.6.38 : Database - db_bbs
*********************************************************************
*/

/*!40101 SET NAMES utf8 */;

/*!40101 SET SQL_MODE=''*/;

/*!40014 SET @OLD_UNIQUE_CHECKS=@@UNIQUE_CHECKS, UNIQUE_CHECKS=0 */;
/*!40014 SET @OLD_FOREIGN_KEY_CHECKS=@@FOREIGN_KEY_CHECKS, FOREIGN_KEY_CHECKS=0 */;
/*!40101 SET @OLD_SQL_MODE=@@SQL_MODE, SQL_MODE='NO_AUTO_VALUE_ON_ZERO' */;
/*!40111 SET @OLD_SQL_NOTES=@@SQL_NOTES, SQL_NOTES=0 */;
CREATE DATABASE /*!32312 IF NOT EXISTS*/`db_bbs` /*!40100 DEFAULT CHARACTER SET utf8 */;

USE `db_bbs`;

/*Table structure for table `migrations` */

DROP TABLE IF EXISTS `migrations`;

CREATE TABLE `migrations` (
  `version` bigint(20) NOT NULL,
  `migration_name` varchar(100) DEFAULT NULL,
  `start_time` timestamp NOT NULL DEFAULT CURRENT_TIMESTAMP,
  `end_time` timestamp NOT NULL DEFAULT CURRENT_TIMESTAMP,
  `breakpoint` tinyint(1) NOT NULL DEFAULT '0',
  PRIMARY KEY (`version`)
) ENGINE=InnoDB DEFAULT CHARSET=utf8;

/*Data for the table `migrations` */

insert  into `migrations` values (20180807061637,'Competitions','2018-08-07 18:54:23','2018-08-07 18:54:23',0);

/*Table structure for table `tb_active` */

DROP TABLE IF EXISTS `tb_active`;

CREATE TABLE `tb_active` (
  `id` int(12) NOT NULL AUTO_INCREMENT COMMENT '活动主键',
  `title` varchar(60) NOT NULL DEFAULT '' COMMENT '活动标题',
  `content` varchar(255) DEFAULT '' COMMENT '活动内容',
  `recommend` tinyint(2) DEFAULT '0' COMMENT '是否推荐',
  `picture` varchar(80) DEFAULT '' COMMENT '会议图片',
  `limit` varchar(50) DEFAULT '' COMMENT '人员限制',
  `register` int(11) DEFAULT NULL,
  `status` tinyint(2) NOT NULL DEFAULT '0' COMMENT '活动状态',
  `address` varchar(255) DEFAULT '' COMMENT '活动简写地点',
  `location` varchar(255) DEFAULT NULL COMMENT '活动详细地址',
  `begin_time` timestamp NULL DEFAULT NULL,
  `end_time` timestamp NULL DEFAULT NULL,
  `apply_time` timestamp NULL DEFAULT NULL,
  `audit_method` tinyint(2) DEFAULT '0' COMMENT '审核方式',
  `rich_text` text COMMENT '富文本区域',
  PRIMARY KEY (`id`),
  UNIQUE KEY `id` (`id`)
) ENGINE=InnoDB AUTO_INCREMENT=10 DEFAULT CHARSET=utf8;

/*Data for the table `tb_active` */

insert  into `tb_active` values (1,'县乡会议','召开IT技术大会',1,'/static/images/elliot.jpg','100',10,1,'紫檀祥源','紫檀祥源详细地址','2018-08-05 00:00:00','2018-08-10 00:00:00','2018-08-12 14:30:00',1,'<p>3分钟哔哔一下本周游戏圈大事件！</p>\r\n<p><strong>哔哔1：Steam中国版确认有审核系统！网友：盗版行业要复活？</strong></p>\r\n<p>最近完美世界发布了Steam中国版的招聘职位，其中一项是负责“内容审核系统”，这等于确认了Steam中国版的游戏需要经过审核才能上线，必须符合国内的法规。</p>\r\n<p class=\"p-image\" style=\"text-align: center;\"><img src=\"//i.17173cdn.com/2fhnvk/YWxqaGBf/cms3/mFmqSqbmufjloxw.jpg\" width=\"550\" height=\"309\" alt=\"22-31.jpg\"></p>\r\n<p>相信Steam国内玩家将面临一个大问题，那就是Steam中国版正式上线后，原版是否还能用？目前我们还没有答案。</p>\r\n<p><strong>只有星星没太阳：</strong>仿佛看到未来，盗版举起义旗，打击正版。</p>\r\n<p><strong>WJ王自如：</strong>然后会发现外服上不了了，国服的游戏满满小清新正能量。</p>\r\n<p><strong>阿罩：</strong>大家放心，以后Steam只不过就两个东西不能玩：这也不能玩，那也不能玩。</p>\r\n<p><strong>泰德语风：</strong>魔兽玩家都应该知道，地上一个骷髅头和谐成面粉袋的故事。</p>'),(2,'市县会议','召开落实十九大精神，会议内容很长，主要讲述国家未来发展战略，以及以科学发展观促进农村发展',1,'/static/images/elyse.png','0',120,1,'科海大楼','科海大楼详细地址','2018-03-01 00:00:00','2018-03-14 00:00:00','2018-03-15 15:00:00',0,'<p>3分钟哔哔一下本周游戏圈大事件！</p>\r\n<p><strong>哔哔1：Steam中国版确认有审核系统！网友：盗版行业要复活？</strong></p>\r\n<p>最近完美世界发布了Steam中国版的招聘职位，其中一项是负责“内容审核系统”，这等于确认了Steam中国版的游戏需要经过审核才能上线，必须符合国内的法规。</p>\r\n<p class=\"p-image\" style=\"text-align: center;\"><img src=\"//i.17173cdn.com/2fhnvk/YWxqaGBf/cms3/mFmqSqbmufjloxw.jpg\" width=\"550\" height=\"309\" alt=\"22-31.jpg\"></p>\r\n<p>相信Steam国内玩家将面临一个大问题，那就是Steam中国版正式上线后，原版是否还能用？目前我们还没有答案。</p>\r\n<p><strong>只有星星没太阳：</strong>仿佛看到未来，盗版举起义旗，打击正版。</p>\r\n<p><strong>WJ王自如：</strong>然后会发现外服上不了了，国服的游戏满满小清新正能量。</p>\r\n<p><strong>阿罩：</strong>大家放心，以后Steam只不过就两个东西不能玩：这也不能玩，那也不能玩。</p>\r\n<p><strong>泰德语风：</strong>魔兽玩家都应该知道，地上一个骷髅头和谐成面粉袋的故事。</p>'),(3,'省级会议','召开省级会议，会议内容不要紧，召开省级会议，会议内容不要紧，召开省级会议，会议内容不要紧召开省级会议，会议内容不要紧，召开省级会议，会议内容不要紧',0,'/static/images/jenny.jpg','100',10,1,'百度大楼','百度大楼详细地址','2017-12-01 00:00:00','2018-03-18 00:00:00','2018-03-18 15:00:00',0,'<p>3分钟哔哔一下本周游戏圈大事件！</p>\r\n<p><strong>哔哔1：Steam中国版确认有审核系统！网友：盗版行业要复活？</strong></p>\r\n<p>最近完美世界发布了Steam中国版的招聘职位，其中一项是负责“内容审核系统”，这等于确认了Steam中国版的游戏需要经过审核才能上线，必须符合国内的法规。</p>\r\n<p class=\"p-image\" style=\"text-align: center;\"><img src=\"//i.17173cdn.com/2fhnvk/YWxqaGBf/cms3/mFmqSqbmufjloxw.jpg\" width=\"550\" height=\"309\" alt=\"22-31.jpg\"></p>\r\n<p>相信Steam国内玩家将面临一个大问题，那就是Steam中国版正式上线后，原版是否还能用？目前我们还没有答案。</p>\r\n<p><strong>只有星星没太阳：</strong>仿佛看到未来，盗版举起义旗，打击正版。</p>\r\n<p><strong>WJ王自如：</strong>然后会发现外服上不了了，国服的游戏满满小清新正能量。</p>\r\n<p><strong>阿罩：</strong>大家放心，以后Steam只不过就两个东西不能玩：这也不能玩，那也不能玩。</p>\r\n<p><strong>泰德语风：</strong>魔兽玩家都应该知道，地上一个骷髅头和谐成面粉袋的故事。</p>'),(4,'全国会议','召开全国会议',1,'/static/images/kristy.png','50',6,1,'人民大会堂','人民大会堂详细地址','2019-04-25 00:00:00','2019-09-30 00:00:00','2019-09-30 00:00:00',1,'<p>3分钟哔哔一下本周游戏圈大事件！</p>\r\n<p><strong>哔哔1：Steam中国版确认有审核系统！网友：盗版行业要复活？</strong></p>\r\n<p>最近完美世界发布了Steam中国版的招聘职位，其中一项是负责“内容审核系统”，这等于确认了Steam中国版的游戏需要经过审核才能上线，必须符合国内的法规。</p>\r\n<p class=\"p-image\" style=\"text-align: center;\"><img src=\"//i.17173cdn.com/2fhnvk/YWxqaGBf/cms3/mFmqSqbmufjloxw.jpg\" width=\"550\" height=\"309\" alt=\"22-31.jpg\"></p>\r\n<p>相信Steam国内玩家将面临一个大问题，那就是Steam中国版正式上线后，原版是否还能用？目前我们还没有答案。</p>\r\n<p><strong>只有星星没太阳：</strong>仿佛看到未来，盗版举起义旗，打击正版。</p>\r\n<p><strong>WJ王自如：</strong>然后会发现外服上不了了，国服的游戏满满小清新正能量。</p>\r\n<p><strong>阿罩：</strong>大家放心，以后Steam只不过就两个东西不能玩：这也不能玩，那也不能玩。</p>\r\n<p><strong>泰德语风：</strong>魔兽玩家都应该知道，地上一个骷髅头和谐成面粉袋的故事。</p>'),(5,'世界会议','召开联合国会议',0,'/static/images/matthew.png','10',0,1,'联合国大厦','联合国大厦详细地址','2018-01-31 00:00:00','2018-02-12 00:00:00','2018-03-12 20:00:00',0,'<p>3分钟哔哔一下本周游戏圈大事件！</p>\r\n<p><strong>哔哔1：Steam中国版确认有审核系统！网友：盗版行业要复活？</strong></p>\r\n<p>最近完美世界发布了Steam中国版的招聘职位，其中一项是负责“内容审核系统”，这等于确认了Steam中国版的游戏需要经过审核才能上线，必须符合国内的法规。</p>\r\n<p class=\"p-image\" style=\"text-align: center;\"><img src=\"//i.17173cdn.com/2fhnvk/YWxqaGBf/cms3/mFmqSqbmufjloxw.jpg\" width=\"550\" height=\"309\" alt=\"22-31.jpg\"></p>\r\n<p>相信Steam国内玩家将面临一个大问题，那就是Steam中国版正式上线后，原版是否还能用？目前我们还没有答案。</p>\r\n<p><strong>只有星星没太阳：</strong>仿佛看到未来，盗版举起义旗，打击正版。</p>\r\n<p><strong>WJ王自如：</strong>然后会发现外服上不了了，国服的游戏满满小清新正能量。</p>\r\n<p><strong>阿罩：</strong>大家放心，以后Steam只不过就两个东西不能玩：这也不能玩，那也不能玩。</p>\r\n<p><strong>泰德语风：</strong>魔兽玩家都应该知道，地上一个骷髅头和谐成面粉袋的故事。</p>'),(6,'火星会议','召开火星会议',0,'/static/images/molly.png','0',155,1,'银河系大厦','银河系大厦详细地址','2018-07-07 00:00:00','2018-07-30 00:00:00','2018-08-30 12:00:00',1,'<p>3分钟哔哔一下本周游戏圈大事件！</p>\r\n<p><strong>哔哔1：Steam中国版确认有审核系统！网友：盗版行业要复活？</strong></p>\r\n<p>最近完美世界发布了Steam中国版的招聘职位，其中一项是负责“内容审核系统”，这等于确认了Steam中国版的游戏需要经过审核才能上线，必须符合国内的法规。</p>\r\n<p class=\"p-image\" style=\"text-align: center;\"><img src=\"//i.17173cdn.com/2fhnvk/YWxqaGBf/cms3/mFmqSqbmufjloxw.jpg\" width=\"550\" height=\"309\" alt=\"22-31.jpg\"></p>\r\n<p>相信Steam国内玩家将面临一个大问题，那就是Steam中国版正式上线后，原版是否还能用？目前我们还没有答案。</p>\r\n<p><strong>只有星星没太阳：</strong>仿佛看到未来，盗版举起义旗，打击正版。</p>\r\n<p><strong>WJ王自如：</strong>然后会发现外服上不了了，国服的游戏满满小清新正能量。</p>\r\n<p><strong>阿罩：</strong>大家放心，以后Steam只不过就两个东西不能玩：这也不能玩，那也不能玩。</p>\r\n<p><strong>泰德语风：</strong>魔兽玩家都应该知道，地上一个骷髅头和谐成面粉袋的故事。</p>'),(7,'乡镇会议','召开乡镇会议',1,'/static/images/kristy.png','0',2122,1,'娄庄镇派出所','娄庄镇派出所详细地址','2018-04-25 00:00:00','2018-05-23 00:00:00','2018-08-30 12:00:00',1,'<p>3分钟哔哔一下本周游戏圈大事件！</p>\r\n<p><strong>哔哔1：Steam中国版确认有审核系统！网友：盗版行业要复活？</strong></p>\r\n<p>最近完美世界发布了Steam中国版的招聘职位，其中一项是负责“内容审核系统”，这等于确认了Steam中国版的游戏需要经过审核才能上线，必须符合国内的法规。</p>\r\n<p class=\"p-image\" style=\"text-align: center;\"><img src=\"//i.17173cdn.com/2fhnvk/YWxqaGBf/cms3/mFmqSqbmufjloxw.jpg\" width=\"550\" height=\"309\" alt=\"22-31.jpg\"></p>\r\n<p>相信Steam国内玩家将面临一个大问题，那就是Steam中国版正式上线后，原版是否还能用？目前我们还没有答案。</p>\r\n<p><strong>只有星星没太阳：</strong>仿佛看到未来，盗版举起义旗，打击正版。</p>\r\n<p><strong>WJ王自如：</strong>然后会发现外服上不了了，国服的游戏满满小清新正能量。</p>\r\n<p><strong>阿罩：</strong>大家放心，以后Steam只不过就两个东西不能玩：这也不能玩，那也不能玩。</p>\r\n<p><strong>泰德语风：</strong>魔兽玩家都应该知道，地上一个骷髅头和谐成面粉袋的故事。</p>'),(8,'开发会议','召开开发会议召开开发会议召开开发会议召开开发会议召开开发会议召开开发会议召开开发会议召开开发会议召开开发会议',0,'/static/images/matthew.png','12',0,1,'开发会议室','开发会议室详细地址','2018-06-12 00:00:00','2018-07-20 00:00:00','2018-08-30 12:00:00',0,'<p>3分钟哔哔一下本周游戏圈大事件！</p>\r\n<p><strong>哔哔1：Steam中国版确认有审核系统！网友：盗版行业要复活？</strong></p>\r\n<p>最近完美世界发布了Steam中国版的招聘职位，其中一项是负责“内容审核系统”，这等于确认了Steam中国版的游戏需要经过审核才能上线，必须符合国内的法规。</p>\r\n<p class=\"p-image\" style=\"text-align: center;\"><img src=\"//i.17173cdn.com/2fhnvk/YWxqaGBf/cms3/mFmqSqbmufjloxw.jpg\" width=\"550\" height=\"309\" alt=\"22-31.jpg\"></p>\r\n<p>相信Steam国内玩家将面临一个大问题，那就是Steam中国版正式上线后，原版是否还能用？目前我们还没有答案。</p>\r\n<p><strong>只有星星没太阳：</strong>仿佛看到未来，盗版举起义旗，打击正版。</p>\r\n<p><strong>WJ王自如：</strong>然后会发现外服上不了了，国服的游戏满满小清新正能量。</p>\r\n<p><strong>阿罩：</strong>大家放心，以后Steam只不过就两个东西不能玩：这也不能玩，那也不能玩。</p>\r\n<p><strong>泰德语风：</strong>魔兽玩家都应该知道，地上一个骷髅头和谐成面粉袋的故事。</p>'),(9,'测试会议','召开测试会议，召开测试会议，召开测试会议，召开测试会议',0,'/static/images/elliot.jpg','17',18,1,'测试会议室','测试会议室详细地址','2018-06-12 00:00:00','2018-09-18 00:00:00','2019-08-30 12:00:00',0,'<p>3分钟哔哔一下本周游戏圈大事件！</p>\r\n<p><strong>哔哔1：Steam中国版确认有审核系统！网友：盗版行业要复活？</strong></p>\r\n<p>最近完美世界发布了Steam中国版的招聘职位，其中一项是负责“内容审核系统”，这等于确认了Steam中国版的游戏需要经过审核才能上线，必须符合国内的法规。</p>\r\n<p class=\"p-image\" style=\"text-align: center;\"><img src=\"//i.17173cdn.com/2fhnvk/YWxqaGBf/cms3/mFmqSqbmufjloxw.jpg\" width=\"550\" height=\"309\" alt=\"22-31.jpg\"></p>\r\n<p>相信Steam国内玩家将面临一个大问题，那就是Steam中国版正式上线后，原版是否还能用？目前我们还没有答案。</p>\r\n<p><strong>只有星星没太阳：</strong>仿佛看到未来，盗版举起义旗，打击正版。</p>\r\n<p><strong>WJ王自如：</strong>然后会发现外服上不了了，国服的游戏满满小清新正能量。</p>\r\n<p><strong>阿罩：</strong>大家放心，以后Steam只不过就两个东西不能玩：这也不能玩，那也不能玩。</p>\r\n<p><strong>泰德语风：</strong>魔兽玩家都应该知道，地上一个骷髅头和谐成面粉袋的故事。</p>');

/*Table structure for table `tb_admin` */

DROP TABLE IF EXISTS `tb_admin`;

CREATE TABLE `tb_admin` (
  `id` int(11) NOT NULL AUTO_INCREMENT,
  `username` varchar(50) NOT NULL DEFAULT '' COMMENT '用户账号',
  `password` varchar(64) NOT NULL DEFAULT '' COMMENT '用户密码',
  `nickname` varchar(30) DEFAULT '' COMMENT '用户昵称',
  `mobile` varchar(20) NOT NULL DEFAULT '' COMMENT '手机号码',
  `email` varchar(50) NOT NULL DEFAULT '' COMMENT '邮箱',
  `realname` varchar(50) NOT NULL DEFAULT '' COMMENT '真实姓名',
  `status` int(1) NOT NULL DEFAULT '0' COMMENT '用户状态',
  `create_time` datetime DEFAULT NULL COMMENT '创建时间',
  `update_time` datetime DEFAULT NULL COMMENT '更新时间',
  `create_ip` varchar(80) DEFAULT '' COMMENT '创建的IP',
  `login_time` timestamp NULL DEFAULT NULL COMMENT '登录时间',
  `login_ip` varchar(80) DEFAULT '' COMMENT '登录的IP',
  `authentication` int(1) NOT NULL DEFAULT '0' COMMENT '手机验证',
  PRIMARY KEY (`id`)
) ENGINE=InnoDB AUTO_INCREMENT=12 DEFAULT CHARSET=utf8 COMMENT='用户表';

/*Data for the table `tb_admin` */

insert  into `tb_admin` values (1,'zhangsan','01d7f40760960e7bd9443513f22ab9af','张三','','','0',1,'0000-00-00 00:00:00',NULL,'','0000-00-00 00:00:00','',0),(2,'lisi','5053f342b0dff7356813525495497267','李四','18915542276','','张三丰',1,'0000-00-00 00:00:00',NULL,'127.0.0.1','2018-08-08 14:11:07','127.0.0.1',1),(3,'zhoawu','e10adc3949ba59abbe56e057f20f883e','','','','张三丰',1,'0000-00-00 00:00:00',NULL,'127.0.0.1','0000-00-00 00:00:00','',0),(4,'chenliu','e10adc3949ba59abbe56e057f20f883e','','','','张三丰',1,'0000-00-00 00:00:00',NULL,'127.0.0.1','0000-00-00 00:00:00','',0),(5,'zhangqi','c4ded2b85cc5be82fa1d2464eba9a7d3','','','','李四',1,'0000-00-00 00:00:00',NULL,'127.0.0.1','0000-00-00 00:00:00','',0),(6,'chensi','e10adc3949ba59abbe56e057f20f883e','','','','张三丰',1,'0000-00-00 00:00:00',NULL,'127.0.0.1','0000-00-00 00:00:00','',0),(7,'chensi','e10adc3949ba59abbe56e057f20f883e','','','','张三丰',1,'0000-00-00 00:00:00',NULL,'127.0.0.1','0000-00-00 00:00:00','',0),(8,'','5053f342b0dff7356813525495497267','','18915542274','','过',1,'0000-00-00 00:00:00',NULL,'124.74.243.30',NULL,'',0),(9,'','5053f342b0dff7356813525495497267','','18915542274','','过',1,'0000-00-00 00:00:00',NULL,'124.74.243.30',NULL,'',0),(10,'','69ef1f4520ae237e4eddc8da5a7fa9b8','','12475412585','','给',1,'2018-08-08 17:39:34',NULL,'124.74.243.30',NULL,'',0),(11,'','69ef1f4520ae237e4eddc8da5a7fa9b8','','12475412585','','给',1,'2018-08-08 17:42:39',NULL,'124.74.243.30',NULL,'',0);

/*Table structure for table `tb_admin_role` */

DROP TABLE IF EXISTS `tb_admin_role`;

CREATE TABLE `tb_admin_role` (
  `user_id` int(11) NOT NULL DEFAULT '0' COMMENT '用户id',
  `role_id` int(11) NOT NULL DEFAULT '0' COMMENT '角色id',
  PRIMARY KEY (`user_id`,`role_id`)
) ENGINE=InnoDB DEFAULT CHARSET=utf8 COMMENT='用户角色对应关系';

/*Data for the table `tb_admin_role` */

insert  into `tb_admin_role` values (1,1),(1,2),(2,1),(2,2),(4,2),(5,1),(7,1),(7,2),(8,1),(8,2),(9,1),(9,2),(10,1),(10,2),(11,1),(11,2);

/*Table structure for table `tb_area` */

DROP TABLE IF EXISTS `tb_area`;

CREATE TABLE `tb_area` (
  `id` int(6) NOT NULL,
  `name` varchar(100) DEFAULT NULL,
  `top_id` int(6) DEFAULT NULL,
  `level` int(1) DEFAULT NULL,
  PRIMARY KEY (`id`) USING BTREE
) ENGINE=MyISAM DEFAULT CHARSET=utf8 ROW_FORMAT=DYNAMIC;

/*Data for the table `tb_area` */

insert  into `tb_area` values (330503,'南浔区',330500,3),(513223,'茂县',513200,3),(430523,'邵阳县',430500,3),(632222,'祁连县',632200,3),(231225,'明水县',231200,3),(140622,'应县',140600,3),(530625,'永善县',530600,3),(513332,'石渠县',513300,3),(431201,'市辖区',431200,3),(231202,'北林区',231200,3),(652323,'呼图壁县',652300,3),(610821,'神木县',610800,3),(150801,'市辖区',150800,3),(330300,'温州市',330000,2),(140421,'长治县',140400,3),(520323,'绥阳县',520300,3),(441322,'博罗县',441300,3),(320282,'宜兴市',320200,3),(510923,'大英县',510900,3),(350505,'泉港区',350500,3),(371101,'市辖区',371100,3),(530630,'水富县',530600,3),(433127,'永顺县',433100,3),(451102,'八步区',451100,3),(340506,'博望区',340500,3),(520627,'沿河土家族自治县',520600,3),(640122,'贺兰县',640100,3),(360728,'定南县',360700,3),(360501,'市辖区',360500,3),(441701,'市辖区',441700,3),(431223,'辰溪县',431200,3),(632521,'共和县',632500,3),(371302,'兰山区',371300,3),(623025,'玛曲县',623000,3),(420804,'掇刀区',420800,3),(230604,'让胡路区',230600,3),(130110,'鹿泉区',130100,3),(469006,'万宁市',469000,3),(510132,'新津县',510100,3),(620301,'市辖区',620300,3),(620400,'白银市',620000,2),(422825,'宣恩县',422800,3),(131122,'武邑县',131100,3),(210503,'溪湖区',210500,3),(321081,'仪征市',321000,3),(441800,'清远市',440000,2),(330305,'洞头区',330300,3),(451200,'河池市',450000,2),(510800,'广元市',510000,2),(410600,'鹤壁市',410000,2),(350427,'沙县',350400,3),(540237,'岗巴县',540200,3),(130609,'徐水区',130600,3),(513323,'丹巴县',513300,3),(530700,'丽江市',530000,2),(450502,'海城区',450500,3),(650102,'天山区',650100,3),(130623,'涞水县',130600,3),(450621,'上思县',450600,3),(469023,'澄迈县',469000,3),(341181,'天长市',341100,3),(710000,'台湾省',0,1),(370124,'平阴县',370100,3),(340225,'无为县',340200,3),(610430,'淳化县',610400,3),(620201,'市辖区',620200,3),(511381,'阆中市',511300,3),(430423,'衡山县',430400,3),(371321,'沂南县',371300,3),(371700,'菏泽市',370000,2),(220523,'辉南县',220500,3),(530922,'云县',530900,3),(410883,'孟州市',410800,3),(430703,'鼎城区',430700,3),(330921,'岱山县',330900,3),(542430,'尼玛县',542400,3),(330103,'下城区',330100,3),(141027,'浮山县',141000,3),(445102,'湘桥区',445100,3),(150501,'市辖区',150500,3),(350925,'周宁县',350900,3),(451300,'来宾市',450000,2),(511101,'市辖区',511100,3),(150430,'敖汉旗',150400,3),(650421,'鄯善县',650400,3),(610103,'碑林区',610100,3),(510801,'市辖区',510800,3),(440282,'南雄市',440200,3),(320923,'阜宁县',320900,3),(150601,'市辖区',150600,3),(450900,'玉林市',450000,2),(411121,'舞阳县',411100,3),(150781,'满洲里市',150700,3),(150701,'市辖区',150700,3),(440882,'雷州市',440800,3),(110000,'北京市',0,1),(430902,'资阳区',430900,3),(320803,'淮安区',320800,3),(141034,'汾西县',141000,3),(140601,'市辖区',140600,3),(510121,'金堂县',510100,3),(341122,'来安县',341100,3),(441500,'汕尾市',440000,2),(620921,'金塔县',620900,3),(340825,'太湖县',340800,3),(320303,'云龙区',320300,3),(450332,'恭城瑶族自治县',450300,3),(653221,'和田县',653200,3),(430923,'安化县',430900,3),(540529,'隆子县',540500,3),(510131,'蒲江县',510100,3),(620724,'高台县',620700,3),(540230,'康马县',540200,3),(532523,'屏边苗族自治县',532500,3),(451103,'平桂区',451100,3),(230781,'铁力市',230700,3),(211005,'弓长岭区',211000,3),(210105,'皇姑区',210100,3),(130927,'南皮县',130900,3),(150525,'奈曼旗',150500,3),(610113,'雁塔区',610100,3),(510704,'游仙区',510700,3),(350502,'鲤城区',350500,3),(450804,'覃塘区',450800,3),(340801,'市辖区',340800,3),(120106,'红桥区',120100,3),(510821,'旺苍县',510800,3),(141000,'临汾市',140000,2),(310117,'松江区',310100,3),(450103,'青秀区',450100,3),(330127,'淳安县',330100,3),(360924,'宜丰县',360900,3),(510603,'旌阳区',510600,3),(331004,'路桥区',331000,3),(632801,'格尔木市',632800,3),(450127,'横县',450100,3),(411423,'宁陵县',411400,3),(130435,'曲周县',130400,3),(411328,'唐河县',411300,3),(360827,'遂川县',360800,3),(621002,'西峰区',621000,3),(150825,'乌拉特后旗',150800,3),(610501,'市辖区',610500,3),(469021,'定安县',469000,3),(370103,'市中区',370100,3),(350701,'市辖区',350700,3),(510725,'梓潼县',510700,3),(632725,'囊谦县',632700,3),(210603,'振兴区',210600,3),(110116,'怀柔区',110100,3),(450722,'浦北县',450700,3),(540526,'措美县',540500,3),(620525,'张家川回族自治县',620500,3),(361181,'德兴市',361100,3),(371482,'禹城市',371400,3),(140222,'天镇县',140200,3),(140000,'山西省',0,1),(150822,'磴口县',150800,3),(222400,'延边朝鲜族自治州',220000,2),(532922,'漾濞彝族自治县',532900,3),(411727,'汝南县',411700,3),(530622,'巧家县',530600,3),(620401,'市辖区',620400,3),(640105,'西夏区',640100,3),(350626,'东山县',350600,3),(411601,'市辖区',411600,3),(440704,'江海区',440700,3),(450521,'合浦县',450500,3),(540502,'乃东区',540500,3),(150428,'喀喇沁旗',150400,3),(230421,'萝北县',230400,3),(140400,'长治市',140000,2),(411081,'禹州市',411000,3),(220800,'白城市',220000,2),(130638,'雄县',130600,3),(530723,'华坪县',530700,3),(360100,'南昌市',360000,2),(420201,'市辖区',420200,3),(511700,'达州市',510000,2),(210900,'阜新市',210000,2),(610822,'府谷县',610800,3),(610625,'志丹县',610600,3),(370101,'市辖区',370100,3),(532327,'永仁县',532300,3),(530823,'景东彝族自治县',530800,3),(140321,'平定县',140300,3),(632802,'德令哈市',632800,3),(360823,'峡江县',360800,3),(350623,'漳浦县',350600,3),(440222,'始兴县',440200,3),(130824,'滦平县',130800,3),(341881,'宁国市',341800,3),(530303,'沾益区',530300,3),(440501,'市辖区',440500,3),(220302,'铁西区',220300,3),(360104,'青云谱区',360100,3),(340303,'蚌山区',340300,3),(340101,'市辖区',340100,3),(150925,'凉城县',150900,3),(210700,'锦州市',210000,2),(210302,'铁东区',210300,3),(230183,'尚志市',230100,3),(230223,'依安县',230200,3),(640221,'平罗县',640200,3),(320505,'虎丘区',320500,3),(130984,'河间市',130900,3),(130425,'大名县',130400,3),(371201,'市辖区',371200,3),(441704,'阳东区',441700,3),(441302,'惠城区',441300,3),(522601,'凯里市',522600,3),(140221,'阳高县',140200,3),(220000,'吉林省',0,1),(210903,'新邱区',210900,3),(542500,'阿里地区',540000,2),(620901,'市辖区',620900,3),(141130,'交口县',141100,3),(321201,'市辖区',321200,3),(520401,'市辖区',520400,3),(350923,'屏南县',350900,3),(450702,'钦南区',450700,3),(542400,'那曲地区',540000,2),(411523,'新县',411500,3),(620102,'城关区',620100,3),(331001,'市辖区',331000,3),(640323,'盐池县',640300,3),(130730,'怀来县',130700,3),(220382,'双辽市',220300,3),(140901,'市辖区',140900,3),(431123,'双牌县',431100,3),(330324,'永嘉县',330300,3),(420304,'郧阳区',420300,3),(410203,'顺河回族区',410200,3),(653225,'策勒县',653200,3),(120112,'津南区',120100,3),(650109,'米东区',650100,3),(445103,'潮安区',445100,3),(621226,'礼县',621200,3),(500154,'开州区',500100,3),(232700,'大兴安岭地区',230000,2),(522623,'施秉县',522600,3),(451227,'巴马瑶族自治县',451200,3),(532624,'麻栗坡县',532600,3),(520328,'湄潭县',520300,3),(532900,'大理白族自治州',530000,2),(360323,'芦溪县',360300,3),(533401,'香格里拉市',533400,3),(410327,'宜阳县',410300,3),(445101,'市辖区',445100,3),(513436,'美姑县',513400,3),(371311,'罗庄区',371300,3),(410603,'山城区',410600,3),(231100,'黑河市',230000,2),(530628,'彝良县',530600,3),(610302,'渭滨区',610300,3),(130724,'沽源县',130700,3),(510400,'攀枝花市',510000,2),(630100,'西宁市',630000,2),(230302,'鸡冠区',230300,3),(152530,'正蓝旗',152500,3),(659002,'阿拉尔市',659000,3),(230104,'道外区',230100,3),(520423,'镇宁布依族苗族自治县',520400,3),(421223,'崇阳县',421200,3),(341523,'舒城县',341500,3),(331123,'遂昌县',331100,3),(620502,'秦州区',620500,3),(320509,'吴江区',320500,3),(231223,'青冈县',231200,3),(430521,'邵东县',430500,3),(411729,'新蔡县',411700,3),(530827,'孟连傣族拉祜族佤族自治县',530800,3),(340200,'芜湖市',340000,2),(222402,'图们市',222400,3),(610115,'临潼区',610100,3),(511304,'嘉陵区',511300,3),(445122,'饶平县',445100,3),(150702,'海拉尔区',150700,3),(140426,'黎城县',140400,3),(150423,'巴林右旗',150400,3),(441202,'端州区',441200,3),(610727,'略阳县',610700,3),(610828,'佳县',610800,3),(510822,'青川县',510800,3),(431101,'市辖区',431100,3),(510811,'昭化区',510800,3),(330825,'龙游县',330800,3),(433123,'凤凰县',433100,3),(500152,'潼南区',500100,3),(360121,'南昌县',360100,3),(350181,'福清市',350100,3),(230706,'翠峦区',230700,3),(440515,'澄海区',440500,3),(610622,'延川县',610600,3),(510500,'泸州市',510000,2),(654301,'阿勒泰市',654300,3),(441882,'连州市',441800,3),(421121,'团风县',421100,3),(513335,'巴塘县',513300,3),(533323,'福贡县',533300,3),(371521,'阳谷县',371500,3),(131125,'安平县',131100,3),(540300,'昌都市',540000,2),(370500,'东营市',370000,2),(610923,'宁陕县',610900,3),(530426,'峨山彝族自治县',530400,3),(230523,'宝清县',230500,3),(632624,'达日县',632600,3),(530902,'临翔区',530900,3),(341203,'颍东区',341200,3),(650200,'克拉玛依市',650000,2),(220581,'梅河口市',220500,3),(360103,'西湖区',360100,3),(360735,'石城县',360700,3),(422827,'来凤县',422800,3),(130633,'易县',130600,3),(130635,'蠡县',130600,3),(513328,'甘孜县',513300,3),(140201,'市辖区',140200,3),(445202,'榕城区',445200,3),(640202,'大武口区',640200,3),(510322,'富顺县',510300,3),(411421,'民权县',411400,3),(511421,'仁寿县',511400,3),(150422,'巴林左旗',150400,3),(532928,'永平县',532900,3),(230000,'黑龙江省',0,1),(532525,'石屏县',532500,3),(650201,'市辖区',650200,3),(431000,'郴州市',430000,2),(210702,'古塔区',210700,3),(621022,'环县',621000,3),(410882,'沁阳市',410800,3),(451027,'凌云县',451000,3),(230622,'肇源县',230600,3),(330205,'江北区',330200,3),(653127,'麦盖提县',653100,3),(130406,'峰峰矿区',130400,3),(220284,'磐石市',220200,3),(530581,'腾冲市',530500,3),(421201,'市辖区',421200,3),(430800,'张家界市',430000,2),(220300,'四平市',220000,2),(350901,'市辖区',350900,3),(440115,'南沙区',440100,3),(441702,'江城区',441700,3),(140924,'繁峙县',140900,3),(320301,'市辖区',320300,3),(211101,'市辖区',211100,3),(231025,'林口县',231000,3),(420581,'宜都市',420500,3),(610629,'洛川县',610600,3),(341721,'东至县',341700,3),(621222,'文县',621200,3),(460300,'三沙市',460000,2),(130626,'定兴县',130600,3),(130129,'赞皇县',130100,3),(430581,'武冈市',430500,3),(350582,'晋江市',350500,3),(540200,'日喀则市',540000,2),(371524,'东阿县',371500,3),(320830,'盱眙县',320800,3),(210404,'望花区',210400,3),(445203,'揭东区',445200,3),(320106,'鼓楼区',320100,3),(360921,'奉新县',360900,3),(522727,'平塘县',522700,3),(530828,'澜沧拉祜族自治县',530800,3),(220203,'龙潭区',220200,3),(220681,'临江市',220600,3),(440105,'海珠区',440100,3),(231000,'牡丹江市',230000,2),(130530,'新河县',130500,3),(610401,'市辖区',610400,3),(422828,'鹤峰县',422800,3),(450226,'三江侗族自治县',450200,3),(610324,'扶风县',610300,3),(430211,'天元区',430200,3),(610201,'市辖区',610200,3),(140181,'古交市',140100,3),(130634,'曲阳县',130600,3),(230206,'富拉尔基区',230200,3),(350401,'市辖区',350400,3),(371427,'夏津县',371400,3),(420106,'武昌区',420100,3),(150303,'海南区',150300,3),(451401,'市辖区',451400,3),(410183,'新密市',410100,3),(513432,'喜德县',513400,3),(150204,'青山区',150200,3),(411521,'罗山县',411500,3),(140702,'榆次区',140700,3),(140721,'榆社县',140700,3),(211282,'开原市',211200,3),(340000,'安徽省',0,1),(653000,'克孜勒苏柯尔克孜自治州',650000,2),(130302,'海港区',130300,3),(131022,'固安县',131000,3),(620422,'会宁县',620400,3),(152502,'锡林浩特市',152500,3),(530900,'临沧市',530000,2),(532622,'砚山县',532600,3),(410782,'辉县市',410700,3),(430281,'醴陵市',430200,3),(130925,'盐山县',130900,3),(210811,'老边区',210800,3),(530126,'石林彝族自治县',530100,3),(542429,'巴青县',542400,3),(131103,'冀州区',131100,3),(310110,'杨浦区',310100,3),(230709,'金山屯区',230700,3),(430901,'市辖区',430900,3),(140881,'永济市',140800,3),(139002,'辛集市',139000,3),(654000,'伊犁哈萨克自治州',650000,2),(340304,'禹会区',340300,3),(654004,'霍尔果斯市',654000,3),(230605,'红岗区',230600,3),(152202,'阿尔山市',152200,3),(152525,'东乌珠穆沁旗',152500,3),(450325,'兴安县',450300,3),(410802,'解放区',410800,3),(231001,'市辖区',231000,3),(410205,'禹王台区',410200,3),(511528,'兴文县',511500,3),(652827,'和静县',652800,3),(321204,'姜堰区',321200,3),(431126,'宁远县',431100,3),(500242,'酉阳土家族苗族自治县',500200,3),(440500,'汕头市',440000,2),(361002,'临川区',361000,3),(510901,'市辖区',510900,3),(632800,'海西蒙古族藏族自治州',630000,2),(420822,'沙洋县',420800,3),(620922,'瓜州县',620900,3),(450125,'上林县',450100,3),(150581,'霍林郭勒市',150500,3),(140823,'闻喜县',140800,3),(652324,'玛纳斯县',652300,3),(360426,'德安县',360400,3),(330382,'乐清市',330300,3),(530403,'江川区',530400,3),(411103,'郾城区',411100,3),(321000,'扬州市',320000,2),(210905,'清河门区',210900,3),(440112,'黄埔区',440100,3),(230102,'道里区',230100,3),(445200,'揭阳市',440000,2),(451023,'平果县',451000,3),(420204,'下陆区',420200,3),(522625,'镇远县',522600,3),(421224,'通山县',421200,3),(431003,'苏仙区',431000,3),(430525,'洞口县',430500,3),(652327,'吉木萨尔县',652300,3),(410302,'老城区',410300,3),(510700,'绵阳市',510000,2),(540222,'江孜县',540200,3),(350627,'南靖县',350600,3),(512002,'雁江区',512000,3),(410505,'殷都区',410500,3),(441403,'梅县区',441400,3),(130183,'晋州市',130100,3),(340403,'田家庵区',340400,3),(530401,'市辖区',530400,3),(230524,'饶河县',230500,3),(360105,'湾里区',360100,3),(130700,'张家口市',130000,2),(230207,'碾子山区',230200,3),(140624,'怀仁县',140600,3),(341802,'宣州区',341800,3),(610925,'岚皋县',610900,3),(430406,'雁峰区',430400,3),(440604,'禅城区',440600,3),(430101,'市辖区',430100,3),(341101,'市辖区',341100,3),(511600,'广安市',510000,2),(370982,'新泰市',370900,3),(532930,'洱源县',532900,3),(150426,'翁牛特旗',150400,3),(610524,'合阳县',610500,3),(321002,'广陵区',321000,3),(130207,'丰南区',130200,3),(140301,'市辖区',140300,3),(320621,'海安县',320600,3),(610824,'靖边县',610800,3),(222426,'安图县',222400,3),(420506,'夷陵区',420500,3),(340422,'寿县',340400,3),(440100,'广州市',440000,2),(340301,'市辖区',340300,3),(530113,'东川区',530100,3),(130128,'深泽县',130100,3),(650400,'吐鲁番市',650000,2),(231083,'海林市',231000,3),(130502,'桥东区',130500,3),(350823,'上杭县',350800,3),(411728,'遂平县',411700,3),(140100,'太原市',140000,2),(210115,'辽中区',210100,3),(350182,'长乐市',350100,3),(220702,'宁江区',220700,3),(610326,'眉县',610300,3),(210522,'桓仁满族自治县',210500,3),(410303,'西工区',410300,3),(530322,'陆良县',530300,3),(141033,'蒲县',141000,3),(450801,'市辖区',450800,3),(421125,'浠水县',421100,3),(411621,'扶沟县',411600,3),(630104,'城西区',630100,3),(653123,'英吉沙县',653100,3),(220721,'前郭尔罗斯蒙古族自治县',220700,3),(511922,'南江县',511900,3),(350601,'市辖区',350600,3),(130723,'康保县',130700,3),(370921,'宁阳县',370900,3),(150000,'内蒙古自治区',0,1),(230305,'梨树区',230300,3),(450206,'柳江区',450200,3),(620822,'灵台县',620800,3),(440804,'坡头区',440800,3),(350824,'武平县',350800,3),(500229,'城口县',500200,3),(130629,'容城县',130600,3),(530721,'玉龙纳西族自治县',530700,3),(330381,'瑞安市',330300,3),(350602,'芗城区',350600,3),(360923,'上高县',360900,3),(220524,'柳河县',220500,3),(440703,'蓬江区',440700,3),(532932,'鹤庆县',532900,3),(431081,'资兴市',431000,3),(230704,'友好区',230700,3),(430382,'韶山市',430300,3),(350400,'三明市',350000,2),(150401,'市辖区',150400,3),(360123,'安义县',360100,3),(120119,'蓟州区',120100,3),(451321,'忻城县',451300,3),(640501,'市辖区',640500,3),(500113,'巴南区',500100,3),(530112,'西山区',530100,3),(370783,'寿光市',370700,3),(320100,'南京市',320000,2),(330801,'市辖区',330800,3),(513422,'木里藏族自治县',513400,3),(371082,'荣成市',371000,3),(370282,'即墨市',370200,3),(520101,'市辖区',520100,3),(451101,'市辖区',451100,3),(371726,'鄄城县',371700,3),(652302,'阜康市',652300,3),(150301,'市辖区',150300,3),(140827,'垣曲县',140800,3),(430202,'荷塘区',430200,3),(513221,'汶川县',513200,3),(341202,'颍州区',341200,3),(370113,'长清区',370100,3),(371121,'五莲县',371100,3),(370505,'垦利区',370500,3),(620522,'秦安县',620500,3),(210201,'市辖区',210200,3),(520201,'钟山区',520200,3),(230903,'桃山区',230900,3),(371200,'莱芜市',370000,2),(445201,'市辖区',445200,3),(542526,'改则县',542500,3),(370682,'莱阳市',370600,3),(500101,'万州区',500100,3),(431122,'东安县',431100,3),(130130,'无极县',130100,3),(341200,'阜阳市',340000,2),(360322,'上栗县',360300,3),(420921,'孝昌县',420900,3),(511401,'市辖区',511400,3),(411325,'内乡县',411300,3),(511901,'市辖区',511900,3),(522700,'黔南布依族苗族自治州',520000,2),(530324,'罗平县',530300,3),(350102,'鼓楼区',350100,3),(232722,'塔河县',232700,3),(431022,'宜章县',431000,3),(210727,'义县',210700,3),(130133,'赵县',130100,3),(440402,'香洲区',440400,3),(611021,'洛南县',611000,3),(620423,'景泰县',620400,3),(130303,'山海关区',130300,3),(370481,'滕州市',370400,3),(420505,'猇亭区',420500,3),(512021,'安岳县',512000,3),(410927,'台前县',410900,3),(120110,'东丽区',120100,3),(510781,'江油市',510700,3),(130223,'滦县',130200,3),(211324,'喀喇沁左翼蒙古族自治县',211300,3),(320305,'贾汪区',320300,3),(610116,'长安区',610100,3),(211200,'铁岭市',210000,2),(510115,'温江区',510100,3),(411425,'虞城县',411400,3),(360301,'市辖区',360300,3),(140729,'灵石县',140700,3),(610628,'富县',610600,3),(610403,'杨陵区',610400,3),(350429,'泰宁县',350400,3),(331125,'云和县',331100,3),(140826,'绛县',140800,3),(411122,'临颍县',411100,3),(532527,'泸西县',532500,3),(610724,'西乡县',610700,3),(440801,'市辖区',440800,3),(152526,'西乌珠穆沁旗',152500,3),(131081,'霸州市',131000,3),(320200,'无锡市',320000,2),(341301,'市辖区',341300,3),(220182,'榆树市',220100,3),(411100,'漯河市',410000,2),(341503,'裕安区',341500,3),(520628,'松桃苗族自治县',520600,3),(220301,'市辖区',220300,3),(230203,'建华区',230200,3),(331126,'庆元县',331100,3),(510922,'射洪县',510900,3),(441323,'惠东县',441300,3),(230124,'方正县',230100,3),(220802,'洮北区',220800,3),(370102,'历下区',370100,3),(520500,'毕节市',520000,2),(410304,'瀍河回族区',410300,3),(150823,'乌拉特前旗',150800,3),(211011,'太子河区',211000,3),(150727,'新巴尔虎右旗',150700,3),(131128,'阜城县',131100,3),(232721,'呼玛县',232700,3),(220201,'市辖区',220200,3),(513437,'雷波县',513400,3),(654200,'塔城地区',650000,2),(360925,'靖安县',360900,3),(522622,'黄平县',522600,3),(441423,'丰顺县',441400,3),(522628,'锦屏县',522600,3),(630103,'城中区',630100,3),(653122,'疏勒县',653100,3),(220500,'通化市',220000,2),(370283,'平度市',370200,3),(130108,'裕华区',130100,3),(654023,'霍城县',654000,3),(120114,'武清区',120100,3),(331000,'台州市',330000,2),(513427,'宁南县',513400,3),(130200,'唐山市',130000,2),(654226,'和布克赛尔蒙古自治县',654200,3),(620300,'金昌市',620000,2),(341323,'灵璧县',341300,3),(340181,'巢湖市',340100,3),(430524,'隆回县',430500,3),(320205,'锡山区',320200,3),(410201,'市辖区',410200,3),(460204,'天涯区',460200,3),(520115,'观山湖区',520100,3),(230406,'东山区',230400,3),(522728,'罗甸县',522700,3),(371523,'茌平县',371500,3),(511702,'通川区',511700,3),(410902,'华龙区',410900,3),(659003,'图木舒克市',659000,3),(420107,'青山区',420100,3),(222403,'敦化市',222400,3),(320681,'启东市',320600,3),(371203,'钢城区',371200,3),(511402,'东坡区',511400,3),(230125,'宾县',230100,3),(141032,'永和县',141000,3),(610222,'宜君县',610200,3),(331100,'丽水市',330000,2),(540326,'八宿县',540300,3),(410704,'凤泉区',410700,3),(211400,'葫芦岛市',210000,2),(540531,'浪卡子县',540500,3),(440607,'三水区',440600,3),(220723,'乾安县',220700,3),(150723,'鄂伦春自治旗',150700,3),(654202,'乌苏市',654200,3),(420200,'黄石市',420000,2),(510403,'西区',510400,3),(652826,'焉耆回族自治县',652800,3),(610331,'太白县',610300,3),(330424,'海盐县',330400,3),(451222,'天峨县',451200,3),(350128,'平潭县',350100,3),(420683,'枣阳市',420600,3),(430224,'茶陵县',430200,3),(340201,'市辖区',340200,3),(530925,'双江拉祜族佤族布朗族傣族自治县',530900,3),(141102,'离石区',141100,3),(360800,'吉安市',360000,2),(532529,'红河县',532500,3),(659006,'铁门关市',659000,3),(450501,'市辖区',450500,3),(450331,'荔浦县',450300,3),(540328,'芒康县',540300,3),(511100,'乐山市',510000,2),(330702,'婺城区',330700,3),(140110,'晋源区',140100,3),(450302,'秀峰区',450300,3),(653022,'阿克陶县',653000,3),(520502,'七星关区',520500,3),(610125,'户县',610100,3),(140226,'左云县',140200,3),(320507,'相城区',320500,3),(652328,'木垒哈萨克自治县',652300,3),(520602,'碧江区',520600,3),(430111,'雨花区',430100,3),(421127,'黄梅县',421100,3),(410602,'鹤山区',410600,3),(410700,'新乡市',410000,2),(231086,'东宁市',231000,3),(230225,'甘南县',230200,3),(231101,'市辖区',231100,3),(220623,'长白朝鲜族自治县',220600,3),(510900,'遂宁市',510000,2),(540329,'洛隆县',540300,3),(540402,'巴宜区',540400,3),(331102,'莲都区',331100,3),(231200,'绥化市',230000,2),(652701,'博乐市',652700,3),(130300,'秦皇岛市',130000,2),(411324,'镇平县',411300,3),(510301,'市辖区',510300,3),(350203,'思明区',350200,3),(622921,'临夏县',622900,3),(450100,'南宁市',450000,2),(419001,'济源市',419000,3),(230710,'五营区',230700,3),(210781,'凌海市',210700,3),(510107,'武侯区',510100,3),(350981,'福安市',350900,3),(131127,'景县',131100,3),(230805,'东风区',230800,3),(130523,'内丘县',130500,3),(420626,'保康县',420600,3),(350301,'市辖区',350300,3),(360703,'南康区',360700,3),(542523,'噶尔县',542500,3),(500109,'北碚区',500100,3),(140701,'市辖区',140700,3),(510904,'安居区',510900,3),(321084,'高邮市',321000,3),(410306,'吉利区',410300,3),(330902,'定海区',330900,3),(653121,'疏附县',653100,3),(510112,'龙泉驿区',510100,3),(620923,'肃北蒙古族自治县',620900,3),(520622,'玉屏侗族自治县',520600,3),(230624,'杜尔伯特蒙古族自治县',230600,3),(640200,'石嘴山市',640000,2),(150302,'海勃湾区',150300,3),(230229,'克山县',230200,3),(610701,'市辖区',610700,3),(330421,'嘉善县',330400,3),(420606,'樊城区',420600,3),(632822,'都兰县',632800,3),(140802,'盐湖区',140800,3),(230109,'松北区',230100,3),(530125,'宜良县',530100,3),(231182,'五大连池市',231100,3),(450803,'港南区',450800,3),(360881,'井冈山市',360800,3),(320623,'如东县',320600,3),(341621,'涡阳县',341600,3),(540126,'达孜县',540100,3),(341282,'界首市',341200,3),(360700,'赣州市',360000,2),(511824,'石棉县',511800,3),(130521,'邢台县',130500,3),(370900,'泰安市',370000,2),(350201,'市辖区',350200,3),(140200,'大同市',140000,2),(320924,'射阳县',320900,3),(610632,'黄陵县',610600,3),(513224,'松潘县',513200,3),(653201,'和田市',653200,3),(445381,'罗定市',445300,3),(220700,'松原市',220000,2),(640502,'沙坡头区',640500,3),(430725,'桃源县',430700,3),(360502,'渝水区',360500,3),(532532,'河口瑶族自治县',532500,3),(340602,'杜集区',340600,3),(420114,'蔡甸区',420100,3),(511123,'犍为县',511100,3),(621122,'陇西县',621100,3),(511302,'顺庆区',511300,3),(370212,'崂山区',370200,3),(150623,'鄂托克前旗',150600,3),(431302,'娄星区',431300,3),(450700,'钦州市',450000,2),(330700,'金华市',330000,2),(511111,'沙湾区',511100,3),(430601,'市辖区',430600,3),(410100,'郑州市',410000,2),(210703,'凌河区',210700,3),(320500,'苏州市',320000,2),(340800,'安庆市',340000,2),(150203,'昆都仑区',150200,3),(611000,'商洛市',610000,2),(421002,'沙市区',421000,3),(130209,'曹妃甸区',130200,3),(360481,'瑞昌市',360400,3),(231005,'西安区',231000,3),(420113,'汉南区',420100,3),(420821,'京山县',420800,3),(330206,'北仑区',330200,3),(520325,'道真仡佬族苗族自治县',520300,3),(350628,'平和县',350600,3),(340523,'和县',340500,3),(410721,'新乡县',410700,3),(360424,'修水县',360400,3),(410501,'市辖区',410500,3),(445303,'云安区',445300,3),(441226,'德庆县',441200,3),(522635,'麻江县',522600,3),(370613,'莱山区',370600,3),(350625,'长泰县',350600,3),(510183,'邛崃市',510100,3),(420600,'襄阳市',420000,2),(131182,'深州市',131100,3),(530901,'市辖区',530900,3),(441303,'惠阳区',441300,3),(330781,'兰溪市',330700,3),(420982,'安陆市',420900,3),(410523,'汤阴县',410500,3),(420700,'鄂州市',420000,2),(441203,'鼎湖区',441200,3),(431200,'怀化市',430000,2),(533301,'泸水市',533300,3),(520425,'紫云苗族布依族自治县',520400,3),(441803,'清新区',441800,3),(511603,'前锋区',511600,3),(341126,'凤阳县',341100,3),(430922,'桃江县',430900,3),(610427,'彬县',610400,3),(341124,'全椒县',341100,3),(621027,'镇原县',621000,3),(150725,'陈巴尔虎旗',150700,3),(330111,'富阳区',330100,3),(450124,'马山县',450100,3),(430822,'桑植县',430800,3),(411201,'市辖区',411200,3),(350322,'仙游县',350300,3),(410726,'延津县',410700,3),(310000,'上海市',0,1),(530927,'沧源佤族自治县',530900,3),(140727,'祁县',140700,3),(410204,'鼓楼区',410200,3),(231224,'庆安县',231200,3),(130432,'广平县',130400,3),(210214,'普兰店区',210200,3),(540236,'萨嘎县',540200,3),(141029,'乡宁县',141000,3),(130503,'桥西区',130500,3),(653224,'洛浦县',653200,3),(370301,'市辖区',370300,3),(622922,'康乐县',622900,3),(522326,'望谟县',522300,3),(511503,'南溪区',511500,3),(513429,'布拖县',513400,3),(540232,'仲巴县',540200,3),(130902,'新华区',130900,3),(360622,'余江县',360600,3),(371401,'市辖区',371400,3),(370686,'栖霞市',370600,3),(522630,'台江县',522600,3),(542423,'比如县',542400,3),(350782,'武夷山市',350700,3),(511303,'高坪区',511300,3),(150802,'临河区',150800,3),(610627,'甘泉县',610600,3),(520121,'开阳县',520100,3),(451201,'市辖区',451200,3),(522324,'晴隆县',522300,3),(361101,'市辖区',361100,3),(431021,'桂阳县',431000,3),(140700,'晋中市',140000,2),(130801,'市辖区',130800,3),(350123,'罗源县',350100,3),(371428,'武城县',371400,3),(410727,'封丘县',410700,3),(310115,'浦东新区',310100,3),(130725,'尚义县',130700,3),(441204,'高要区',441200,3),(511822,'荥经县',511800,3),(320382,'邳州市',320300,3),(530824,'景谷傣族彝族自治县',530800,3),(411300,'南阳市',410000,2),(230407,'兴山区',230400,3),(522629,'剑河县',522600,3),(210701,'市辖区',210700,3),(530325,'富源县',530300,3),(370112,'历城区',370100,3),(360403,'浔阳区',360400,3),(360482,'共青城市',360400,3),(150526,'扎鲁特旗',150500,3),(211421,'绥中县',211400,3),(222401,'延吉市',222400,3),(341500,'六安市',340000,2),(140212,'新荣区',140200,3),(370302,'淄川区',370300,3),(360724,'上犹县',360700,3),(220602,'浑江区',220600,3),(330101,'市辖区',330100,3),(511521,'宜宾县',511500,3),(360830,'永新县',360800,3),(350700,'南平市',350000,2),(411282,'灵宝市',411200,3),(210212,'旅顺口区',210200,3),(231085,'穆棱市',231000,3),(511126,'夹江县',511100,3),(440304,'福田区',440300,3),(610300,'宝鸡市',610000,2),(653001,'阿图什市',653000,3),(450481,'岑溪市',450400,3),(650104,'新市区',650100,3),(610329,'麟游县',610300,3),(654224,'托里县',654200,3),(420115,'江夏区',420100,3),(230703,'南岔区',230700,3),(450321,'阳朔县',450300,3),(330481,'海宁市',330400,3),(131101,'市辖区',131100,3),(350526,'德化县',350500,3),(451021,'田阳县',451000,3),(430203,'芦淞区',430200,3),(341226,'颍上县',341200,3),(140801,'市辖区',140800,3),(610528,'富平县',610500,3),(450110,'武鸣区',450100,3),(230301,'市辖区',230300,3),(130111,'栾城区',130100,3),(320601,'市辖区',320600,3),(350725,'政和县',350700,3),(511723,'开江县',511700,3),(620402,'白银区',620400,3),(150205,'石拐区',150200,3),(150105,'赛罕区',150100,3),(632622,'班玛县',632600,3),(610111,'灞桥区',610100,3),(510726,'北川羌族自治县',510700,3),(231081,'绥芬河市',231000,3),(469000,'省直辖县级行政区划',460000,2),(520327,'凤冈县',520300,3),(360300,'萍乡市',360000,2),(341182,'明光市',341100,3),(652928,'阿瓦提县',652900,3),(610500,'渭南市',610000,2),(511725,'渠县',511700,3),(610924,'紫阳县',610900,3),(211201,'市辖区',211200,3),(320800,'淮安市',320000,2),(370685,'招远市',370600,3),(140101,'市辖区',140100,3),(530300,'曲靖市',530000,2),(411224,'卢氏县',411200,3),(640425,'彭阳县',640400,3),(513435,'甘洛县',513400,3),(360802,'吉州区',360800,3),(130321,'青龙满族自治县',130300,3),(230522,'友谊县',230500,3),(371723,'成武县',371700,3),(350402,'梅列区',350400,3),(410821,'修武县',410800,3),(371525,'冠县',371500,3),(230901,'市辖区',230900,3),(532501,'个旧市',532500,3),(429021,'神农架林区',429000,3),(420607,'襄州区',420600,3),(652900,'阿克苏地区',650000,2),(640303,'红寺堡区',640300,3),(360731,'于都县',360700,3),(140800,'运城市',140000,2),(130601,'市辖区',130600,3),(350702,'延平区',350700,3),(610502,'临渭区',610500,3),(211021,'辽阳县',211000,3),(469025,'白沙黎族自治县',469000,3),(141121,'文水县',141100,3),(330624,'新昌县',330600,3),(350205,'海沧区',350200,3),(320723,'灌云县',320700,3),(411002,'魏都区',411000,3),(340111,'包河区',340100,3),(522633,'从江县',522600,3),(810000,'香港特别行政区',0,1),(431382,'涟源市',431300,3),(500107,'九龙坡区',500100,3),(440507,'龙湖区',440500,3),(530128,'禄劝彝族苗族自治县',530100,3),(532626,'丘北县',532600,3),(540229,'仁布县',540200,3),(430223,'攸县',430200,3),(640424,'泾源县',640400,3),(130125,'行唐县',130100,3),(632525,'贵南县',632500,3),(320201,'市辖区',320200,3),(411330,'桐柏县',411300,3),(430821,'慈利县',430800,3),(320281,'江阴市',320200,3),(513336,'乡城县',513300,3),(140524,'陵川县',140500,3),(610728,'镇巴县',610700,3),(654325,'青河县',654300,3),(410105,'金水区',410100,3),(350521,'惠安县',350500,3),(410103,'二七区',410100,3),(341524,'金寨县',341500,3),(360726,'安远县',360700,3),(130804,'鹰手营子矿区',130800,3),(540225,'拉孜县',540200,3),(370211,'黄岛区',370200,3),(341723,'青阳县',341700,3),(360681,'贵溪市',360600,3),(451122,'钟山县',451100,3),(513225,'九寨沟县',513200,3),(150625,'杭锦旗',150600,3),(340600,'淮北市',340000,2),(310114,'嘉定区',310100,3),(330824,'开化县',330800,3),(522725,'瓮安县',522700,3),(430981,'沅江市',430900,3),(522722,'荔波县',522700,3),(430802,'永定区',430800,3),(410482,'汝州市',410400,3),(230227,'富裕县',230200,3),(110100,'北京市',110000,2),(371100,'日照市',370000,2),(411426,'夏邑县',411400,3),(370702,'潍城区',370700,3),(440783,'开平市',440700,3),(540530,'错那县',540500,3),(420922,'大悟县',420900,3),(230803,'向阳区',230800,3),(511112,'五通桥区',511100,3),(371423,'庆云县',371400,3),(220323,'伊通满族自治县',220300,3),(532328,'元谋县',532300,3),(469027,'乐东黎族自治县',469000,3),(150927,'察哈尔右翼中旗',150900,3),(140224,'灵丘县',140200,3),(210922,'彰武县',210900,3),(621123,'渭源县',621100,3),(445302,'云城区',445300,3),(451402,'江州区',451400,3),(451228,'都安瑶族自治县',451200,3),(421100,'黄冈市',420000,2),(520326,'务川仡佬族苗族自治县',520300,3),(130529,'巨鹿县',130500,3),(341225,'阜南县',341200,3),(370104,'槐荫区',370100,3),(431121,'祁阳县',431100,3),(510903,'船山区',510900,3),(360302,'安源区',360300,3),(210204,'沙河口区',210200,3),(330502,'吴兴区',330500,3),(653024,'乌恰县',653000,3),(620111,'红古区',620100,3),(441225,'封开县',441200,3),(220112,'双阳区',220100,3),(513425,'会理县',513400,3),(652723,'温泉县',652700,3),(431300,'娄底市',430000,2),(130681,'涿州市',130600,3),(330681,'诸暨市',330600,3),(320585,'太仓市',320500,3),(130402,'邯山区',130400,3),(640101,'市辖区',640100,3),(350103,'台江区',350100,3),(330000,'浙江省',0,1),(621200,'陇南市',620000,2),(421381,'广水市',421300,3),(350825,'连城县',350800,3),(130722,'张北县',130700,3),(460108,'美兰区',460100,3),(370826,'微山县',370800,3),(500232,'武隆县',500200,3),(350803,'永定区',350800,3),(510402,'东区',510400,3),(360500,'新余市',360000,2),(370126,'商河县',370100,3),(510101,'市辖区',510100,3),(511902,'巴州区',511900,3),(654003,'奎屯市',654000,3),(430421,'衡阳县',430400,3),(431281,'洪江市',431200,3),(130924,'海兴县',130900,3),(450326,'永福县',450300,3),(430422,'衡南县',430400,3),(410601,'市辖区',410600,3),(540527,'洛扎县',540500,3),(321102,'京口区',321100,3),(130803,'双滦区',130800,3),(610726,'宁强县',610700,3),(150782,'牙克石市',150700,3),(430412,'南岳区',430400,3),(211103,'兴隆台区',211100,3),(441201,'市辖区',441200,3),(420583,'枝江市',420500,3),(341525,'霍山县',341500,3),(350500,'泉州市',350000,2),(540500,'山南市',540000,2),(130928,'吴桥县',130900,3),(510124,'郫县',510100,3),(460101,'市辖区',460100,3),(542522,'札达县',542500,3),(370612,'牟平区',370600,3),(420923,'云梦县',420900,3),(411500,'信阳市',410000,2),(320105,'建邺区',320100,3),(430301,'市辖区',430300,3),(131000,'廊坊市',130000,2),(141024,'洪洞县',141000,3),(110111,'房山区',110100,3),(610526,'蒲城县',610500,3),(532924,'宾川县',532900,3),(632821,'乌兰县',632800,3),(623026,'碌曲县',623000,3),(341004,'徽州区',341000,3),(440981,'高州市',440900,3),(620924,'阿克塞哈萨克族自治县',620900,3),(511102,'市中区',511100,3),(654322,'富蕴县',654300,3),(210203,'西岗区',210200,3),(330102,'上城区',330100,3),(230401,'市辖区',230400,3),(370600,'烟台市',370000,2),(321311,'宿豫区',321300,3),(361123,'玉山县',361100,3),(430528,'新宁县',430500,3),(469005,'文昌市',469000,3),(321023,'宝应县',321000,3),(450601,'市辖区',450600,3),(520601,'市辖区',520600,3),(130922,'青县',130900,3),(410901,'市辖区',410900,3),(421024,'江陵县',421000,3),(511800,'雅安市',510000,2),(610803,'横山区',610800,3),(370827,'鱼台县',370800,3),(310100,'上海市',310000,2),(513326,'道孚县',513300,3),(140107,'杏花岭区',140100,3),(500110,'綦江区',500100,3),(460100,'海口市',460000,2),(450303,'叠彩区',450300,3),(610801,'市辖区',610800,3),(360902,'袁州区',360900,3),(520221,'水城县',520200,3),(340321,'怀远县',340300,3),(510421,'米易县',510400,3),(130726,'蔚县',130700,3),(440800,'湛江市',440000,2),(140825,'新绛县',140800,3),(321300,'宿迁市',320000,2),(420203,'西塞山区',420200,3),(510401,'市辖区',510400,3),(230600,'大庆市',230000,2),(623024,'迭部县',623000,3),(450329,'资源县',450300,3),(420117,'新洲区',420100,3),(441502,'城区',441500,3),(220113,'九台区',220100,3),(632626,'玛多县',632600,3),(410811,'山阳区',410800,3),(652722,'精河县',652700,3),(520625,'印江土家族苗族自治县',520600,3),(440301,'市辖区',440300,3),(640302,'利通区',640300,3),(632726,'曲麻莱县',632700,3),(220881,'洮南市',220800,3),(370687,'海阳市',370600,3),(500241,'秀山土家族苗族自治县',500200,3),(440802,'赤坎区',440800,3),(310107,'普陀区',310100,3),(211401,'市辖区',211400,3),(140223,'广灵县',140200,3),(441622,'龙川县',441600,3),(520300,'遵义市',520000,2),(371202,'莱城区',371200,3),(450300,'桂林市',450000,2),(522729,'长顺县',522700,3),(540501,'市辖区',540500,3),(421124,'英山县',421100,3),(511825,'天全县',511800,3),(371702,'牡丹区',371700,3),(231282,'肇东市',231200,3),(650103,'沙依巴克区',650100,3),(231004,'爱民区',231000,3),(540231,'定结县',540200,3),(533422,'德钦县',533400,3),(411302,'宛城区',411300,3),(431225,'会同县',431200,3),(340222,'繁昌县',340200,3),(500104,'大渡口区',500100,3),(610328,'千阳县',610300,3),(220601,'市辖区',220600,3),(410724,'获嘉县',410700,3),(410502,'文峰区',410500,3),(370830,'汶上县',370800,3),(341321,'砀山县',341300,3),(530400,'玉溪市',530000,2),(370400,'枣庄市',370000,2),(420601,'市辖区',420600,3),(640402,'原州区',640400,3),(411625,'郸城县',411600,3),(152501,'二连浩特市',152500,3),(510129,'大邑县',510100,3),(370181,'章丘市',370100,3),(430121,'长沙县',430100,3),(450903,'福绵区',450900,3),(441600,'河源市',440000,2),(210901,'市辖区',210900,3),(220221,'永吉县',220200,3),(530114,'呈贡区',530100,3),(511724,'大竹县',511700,3),(440103,'荔湾区',440100,3),(330302,'鹿城区',330300,3),(210902,'海州区',210900,3),(371426,'平原县',371400,3),(230902,'新兴区',230900,3),(130522,'临城县',130500,3),(370214,'城阳区',370200,3),(361100,'上饶市',360000,2),(522627,'天柱县',522600,3),(130101,'市辖区',130100,3),(140581,'高平市',140500,3),(140202,'城区',140200,3),(411623,'商水县',411600,3),(445281,'普宁市',445200,3),(652923,'库车县',652900,3),(330301,'市辖区',330300,3),(429000,'省直辖县级行政区划',420000,2),(410522,'安阳县',410500,3),(511681,'华蓥市',511600,3),(513401,'西昌市',513400,3),(430602,'岳阳楼区',430600,3),(220521,'通化县',220500,3),(451481,'凭祥市',451400,3),(130637,'博野县',130600,3),(350723,'光泽县',350700,3),(659004,'五家渠市',659000,3),(621001,'市辖区',621000,3),(130433,'馆陶县',130400,3),(450503,'银海区',450500,3),(422800,'恩施土家族苗族自治州',420000,2),(430781,'津市市',430700,3),(320981,'东台市',320900,3),(511622,'武胜县',511600,3),(450126,'宾阳县',450100,3),(370784,'安丘市',370700,3),(370704,'坊子区',370700,3),(510727,'平武县',510700,3),(430903,'赫山区',430900,3),(130123,'正定县',130100,3),(520402,'西秀区',520400,3),(340203,'弋江区',340200,3),(630202,'乐都区',630200,3),(522322,'兴仁县',522300,3),(441700,'阳江市',440000,2),(653124,'泽普县',653100,3),(211000,'辽阳市',210000,2),(513430,'金阳县',513400,3),(120100,'天津市',120000,2),(411702,'驿城区',411700,3),(130184,'新乐市',130100,3),(150603,'康巴什区',150600,3),(513433,'冕宁县',513400,3),(610114,'阎良区',610100,3),(420111,'洪山区',420100,3),(653226,'于田县',653200,3),(140425,'平顺县',140400,3),(371622,'阳信县',371600,3),(331101,'市辖区',331100,3),(500108,'南岸区',500100,3),(520623,'石阡县',520600,3),(370401,'市辖区',370400,3),(231281,'安达市',231200,3),(429004,'仙桃市',429000,3),(440600,'佛山市',440000,2),(130607,'满城区',130600,3),(320722,'东海县',320700,3),(210112,'浑南区',210100,3),(430723,'澧县',430700,3),(653101,'喀什市',653100,3),(321112,'丹徒区',321100,3),(411481,'永城市',411400,3),(652927,'乌什县',652900,3),(532503,'蒙自市',532500,3),(450923,'博白县',450900,3),(140900,'忻州市',140000,2),(150521,'科尔沁左翼中旗',150500,3),(320206,'惠山区',320200,3),(361026,'宜黄县',361000,3),(330212,'鄞州区',330200,3),(540400,'林芝市',540000,2),(321301,'市辖区',321300,3),(220400,'辽源市',220000,2),(511502,'翠屏区',511500,3),(320826,'涟水县',320800,3),(210323,'岫岩满族自治县',210300,3),(621101,'市辖区',621100,3),(430482,'常宁市',430400,3),(330203,'海曙区',330200,3),(632321,'同仁县',632300,3),(420504,'点军区',420500,3),(211202,'银州区',211200,3),(420602,'襄城区',420600,3),(622923,'永靖县',622900,3),(152224,'突泉县',152200,3),(430100,'长沙市',430000,2),(321100,'镇江市',320000,2),(230303,'恒山区',230300,3),(513426,'会东县',513400,3),(420500,'宜昌市',420000,2),(632523,'贵德县',632500,3),(371725,'郓城县',371700,3),(623000,'甘南藏族自治州',620000,2),(440811,'麻章区',440800,3),(230103,'南岗区',230100,3),(513423,'盐源县',513400,3),(621126,'岷县',621100,3),(620524,'武山县',620500,3),(220202,'昌邑区',220200,3),(511301,'市辖区',511300,3),(361001,'市辖区',361000,3),(533423,'维西傈僳族自治县',533400,3),(340824,'潜山县',340800,3),(350900,'宁德市',350000,2),(361021,'南城县',361000,3),(533122,'梁河县',533100,3),(450602,'港口区',450600,3),(320902,'亭湖区',320900,3),(152531,'多伦县',152500,3),(341823,'泾县',341800,3),(130900,'沧州市',130000,2),(220183,'德惠市',220100,3),(522636,'丹寨县',522600,3),(513334,'理塘县',513300,3),(450512,'铁山港区',450500,3),(510705,'安州区',510700,3),(231283,'海伦市',231200,3),(540524,'琼结县',540500,3),(530427,'新平彝族傣族自治县',530400,3),(361023,'南丰县',361000,3),(120105,'河北区',120100,3),(532931,'剑川县',532900,3),(652929,'柯坪县',652900,3),(430522,'新邵县',430500,3),(410923,'南乐县',410900,3),(520403,'平坝区',520400,3),(230506,'宝山区',230500,3),(610428,'长武县',610400,3),(130102,'长安区',130100,3),(231003,'阳明区',231000,3),(431028,'安仁县',431000,3),(532500,'红河哈尼族彝族自治州',530000,2),(152201,'乌兰浩特市',152200,3),(530323,'师宗县',530300,3),(610425,'礼泉县',610400,3),(451202,'金城江区',451200,3),(210804,'鲅鱼圈区',210800,3),(130532,'平乡县',130500,3),(411422,'睢县',411400,3),(510116,'双流区',510100,3),(130527,'南和县',130500,3),(450101,'市辖区',450100,3),(310105,'长宁区',310100,3),(330226,'宁海县',330200,3),(411528,'息县',411500,3),(650107,'达坂城区',650100,3),(350212,'同安区',350200,3),(140227,'大同县',140200,3),(330900,'舟山市',330000,2),(610122,'蓝田县',610100,3),(430527,'绥宁县',430500,3),(140303,'矿区',140300,3),(431321,'双峰县',431300,3),(530103,'盘龙区',530100,3),(522301,'兴义市',522300,3),(431002,'北湖区',431000,3),(341324,'泗县',341300,3),(410404,'石龙区',410400,3),(370203,'市北区',370200,3),(610927,'镇坪县',610900,3),(230501,'市辖区',230500,3),(340124,'庐江县',340100,3),(410402,'新华区',410400,3),(469029,'保亭黎族苗族自治县',469000,3),(360821,'吉安县',360800,3),(411503,'平桥区',411500,3),(640422,'西吉县',640400,3),(230502,'尖山区',230500,3),(540233,'亚东县',540200,3),(440606,'顺德区',440600,3),(513434,'越西县',513400,3),(370202,'市南区',370200,3),(450922,'陆川县',450900,3),(630203,'平安区',630200,3),(652825,'且末县',652800,3),(350524,'安溪县',350500,3),(130403,'丛台区',130400,3),(341501,'市辖区',341500,3),(220622,'靖宇县',220600,3),(450305,'七星区',450300,3),(450102,'兴宁区',450100,3),(420625,'谷城县',420600,3),(420100,'武汉市',420000,2),(652823,'尉犁县',652800,3),(360601,'市辖区',360600,3),(150922,'化德县',150900,3),(469001,'五指山市',469000,3),(430529,'城步苗族自治县',430500,3),(320900,'盐城市',320000,2),(210682,'凤城市',210600,3),(220106,'绿园区',220100,3),(654324,'哈巴河县',654300,3),(230904,'茄子河区',230900,3),(211322,'建平县',211300,3),(520123,'修文县',520100,3),(510303,'贡井区',510300,3),(621224,'康县',621200,3),(630101,'市辖区',630100,3),(130421,'邯郸县',130400,3),(410381,'偃师市',410300,3),(350303,'涵江区',350300,3),(540525,'曲松县',540500,3),(340822,'怀宁县',340800,3),(420881,'钟祥市',420800,3),(451081,'靖西市',451000,3),(540121,'林周县',540100,3),(310113,'宝山区',310100,3),(511025,'资中县',511000,3),(533400,'迪庆藏族自治州',530000,2),(130628,'高阳县',130600,3),(110107,'石景山区',110100,3),(621102,'安定区',621100,3),(410222,'通许县',410200,3),(140725,'寿阳县',140700,3),(500238,'巫溪县',500200,3),(140929,'岢岚县',140900,3),(441481,'兴宁市',441400,3),(511002,'市中区',511000,3),(230404,'南山区',230400,3),(411602,'川汇区',411600,3),(632524,'兴海县',632500,3),(350902,'蕉城区',350900,3),(441224,'怀集县',441200,3),(320506,'吴中区',320500,3),(410928,'濮阳县',410900,3),(140302,'城区',140300,3),(370781,'青州市',370700,3),(330600,'绍兴市',330000,2),(530521,'施甸县',530500,3),(120113,'北辰区',120100,3),(610581,'韩城市',610500,3),(360822,'吉水县',360800,3),(331082,'临海市',331000,3),(410527,'内黄县',410500,3),(451425,'天等县',451400,3),(532823,'勐腊县',532800,3),(540302,'卡若区',540300,3),(110114,'昌平区',110100,3),(330200,'宁波市',330000,2),(140105,'小店区',140100,3),(420202,'黄石港区',420200,3),(654025,'新源县',654000,3),(513338,'得荣县',513300,3),(411403,'睢阳区',411400,3),(620825,'庄浪县',620800,3),(530100,'昆明市',530000,2),(341221,'临泉县',341200,3),(513327,'炉霍县',513300,3),(429005,'潜江市',429000,3),(350922,'古田县',350900,3),(610100,'西安市',610000,2),(220104,'朝阳区',220100,3),(451024,'德保县',451000,3),(360281,'乐平市',360200,3),(620725,'山丹县',620700,3),(450802,'港北区',450800,3),(542525,'革吉县',542500,3),(321324,'泗洪县',321300,3),(330603,'柯桥区',330600,3),(510824,'苍溪县',510800,3),(330211,'镇海区',330200,3),(370200,'青岛市',370000,2),(441426,'平远县',441400,3),(520111,'花溪区',520100,3),(330604,'上虞区',330600,3),(510601,'市辖区',510600,3),(330683,'嵊州市',330600,3),(430722,'汉寿县',430700,3),(610631,'黄龙县',610600,3),(150627,'伊金霍洛旗',150600,3),(623021,'临潭县',623000,3),(230321,'鸡东县',230300,3),(430424,'衡东县',430400,3),(371122,'莒县',371100,3),(520203,'六枝特区',520200,3),(451424,'大新县',451400,3),(210681,'东港市',210600,3),(152523,'苏尼特左旗',152500,3),(371323,'沂水县',371300,3),(340705,'铜官区',340700,3),(150206,'白云鄂博矿区',150200,3),(420105,'汉阳区',420100,3),(411627,'太康县',411600,3),(500117,'合川区',500100,3),(522723,'贵定县',522700,3),(370125,'济阳县',370100,3),(440205,'曲江区',440200,3),(350583,'南安市',350500,3),(330225,'象山县',330200,3),(510504,'龙马潭区',510500,3),(140931,'保德县',140900,3),(152500,'锡林郭勒盟',150000,2),(611025,'镇安县',611000,3),(520624,'思南县',520600,3),(411402,'梁园区',411400,3),(540103,'堆龙德庆区',540100,3),(350525,'永春县',350500,3),(130709,'崇礼区',130700,3),(654225,'裕民县',654200,3),(411424,'柘城县',411400,3),(330328,'文成县',330300,3),(640400,'固原市',640000,2),(361025,'乐安县',361000,3),(610702,'汉台区',610700,3),(610323,'岐山县',610300,3),(411401,'市辖区',411400,3),(370883,'邹城市',370800,3),(350629,'华安县',350600,3),(632522,'同德县',632500,3),(540522,'贡嘎县',540500,3),(450224,'融安县',450200,3),(510600,'德阳市',510000,2),(350101,'市辖区',350100,3),(410621,'浚县',410600,3),(440117,'从化区',440100,3),(410803,'中站区',410800,3),(510681,'广汉市',510600,3),(150421,'阿鲁科尔沁旗',150400,3),(320214,'新吴区',320200,3),(620982,'敦煌市',620900,3),(411326,'淅川县',411300,3),(230382,'密山市',230300,3),(220722,'长岭县',220700,3),(430600,'岳阳市',430000,2),(421003,'荆州区',421000,3),(441300,'惠州市',440000,2),(139001,'定州市',139000,3),(230230,'克东县',230200,3),(330903,'普陀区',330900,3),(141126,'石楼县',141100,3),(370201,'市辖区',370200,3),(211281,'调兵山市',211200,3),(420701,'市辖区',420700,3),(321283,'泰兴市',321200,3),(530428,'元江哈尼族彝族傣族自治县',530400,3),(371481,'乐陵市',371400,3),(520382,'仁怀市',520300,3),(139000,'省直辖县级行政区划',130000,2),(421182,'武穴市',421100,3),(340503,'花山区',340500,3),(150523,'开鲁县',150500,3),(410185,'登封市',410100,3),(410400,'平顶山市',410000,2),(654300,'阿勒泰地区',650000,2),(530500,'保山市',530000,2),(150522,'科尔沁左翼后旗',150500,3),(120103,'河西区',120100,3),(321001,'市辖区',321000,3),(530101,'市辖区',530100,3),(530722,'永胜县',530700,3),(411501,'市辖区',411500,3),(230381,'虎林市',230300,3),(441623,'连平县',441600,3),(371312,'河东区',371300,3),(510300,'自贡市',510000,2),(230707,'新青区',230700,3),(430204,'石峰区',430200,3),(430407,'石鼓区',430400,3),(620702,'甘州区',620700,3),(542527,'措勤县',542500,3),(150200,'包头市',150000,2),(430426,'祁东县',430400,3),(371721,'曹县',371700,3),(210400,'抚顺市',210000,2),(210111,'苏家屯区',210100,3),(360727,'龙南县',360700,3),(421081,'石首市',421000,3),(532625,'马关县',532600,3),(610124,'周至县',610100,3),(130528,'宁晋县',130500,3),(360729,'全南县',360700,3),(370100,'济南市',370000,2),(371724,'巨野县',371700,3),(530821,'宁洱哈尼族彝族自治县',530800,3),(511001,'市辖区',511000,3),(522300,'黔西南布依族苗族自治州',520000,2),(130501,'市辖区',130500,3),(441401,'市辖区',441400,3),(420901,'市辖区',420900,3),(429006,'天门市',429000,3),(430623,'华容县',430600,3),(371103,'岚山区',371100,3),(410702,'红旗区',410700,3),(360429,'湖口县',360400,3),(320113,'栖霞区',320100,3),(530822,'墨江哈尼族自治县',530800,3),(522732,'三都水族自治县',522700,3),(330483,'桐乡市',330400,3),(511024,'威远县',511000,3),(361125,'横峰县',361100,3),(130429,'永年县',130400,3),(620824,'华亭县',620800,3),(350403,'三元区',350400,3),(640300,'吴忠市',640000,2),(331124,'松阳县',331100,3),(610301,'市辖区',610300,3),(445222,'揭西县',445200,3),(230202,'龙沙区',230200,3),(511011,'东兴区',511000,3),(220605,'江源区',220600,3),(610423,'泾阳县',610400,3),(330482,'平湖市',330400,3),(130903,'运河区',130900,3),(371722,'单县',371700,3),(540528,'加查县',540500,3),(510823,'剑阁县',510800,3),(500116,'江津区',500100,3),(530627,'镇雄县',530600,3),(420684,'宜城市',420600,3),(321101,'市辖区',321100,3),(632300,'黄南藏族自治州',630000,2),(211204,'清河区',211200,3),(533124,'陇川县',533100,3),(130526,'任县',130500,3),(620103,'七里河区',620100,3),(532801,'景洪市',532800,3),(410804,'马村区',410800,3),(610429,'旬邑县',610400,3),(445322,'郁南县',445300,3),(421101,'市辖区',421100,3),(640121,'永宁县',640100,3),(513431,'昭觉县',513400,3),(350503,'丰泽区',350500,3),(120115,'宝坻区',120100,3),(130431,'鸡泽县',130400,3),(150800,'巴彦淖尔市',150000,2),(511921,'通江县',511900,3),(370281,'胶州市',370200,3),(451028,'乐业县',451000,3),(623001,'合作市',623000,3),(411000,'许昌市',410000,2),(632723,'称多县',632700,3),(210281,'瓦房店市',210200,3),(653227,'民丰县',653200,3),(540425,'察隅县',540400,3),(341022,'休宁县',341000,3),(433125,'保靖县',433100,3),(360900,'宜春市',360000,2),(621023,'华池县',621000,3),(340604,'烈山区',340600,3),(211321,'朝阳县',211300,3),(131100,'衡水市',130000,2),(620722,'民乐县',620700,3),(320401,'市辖区',320400,3),(420800,'荆门市',420000,2),(530600,'昭通市',530000,2),(451322,'象州县',451300,3),(469024,'临高县',469000,3),(360824,'新干县',360800,3),(500111,'大足区',500100,3),(410800,'焦作市',410000,2),(441801,'市辖区',441800,3),(513226,'金川县',513200,3),(532502,'开远市',532500,3),(451223,'凤山县',451200,3),(513222,'理县',513200,3),(320213,'梁溪区',320200,3),(610523,'大荔县',610500,3),(522327,'册亨县',522300,3),(140726,'太谷县',140700,3),(130203,'路北区',130200,3),(411624,'沈丘县',411600,3),(341100,'滁州市',340000,2),(231181,'北安市',231100,3),(520329,'余庆县',520300,3),(620100,'兰州市',620000,2),(360926,'铜鼓县',360900,3),(431103,'冷水滩区',431100,3),(654223,'沙湾县',654200,3),(532329,'武定县',532300,3),(140829,'平陆县',140800,3),(530425,'易门县',530400,3),(210301,'市辖区',210300,3),(350122,'连江县',350100,3),(150100,'呼和浩特市',150000,2),(610831,'子洲县',610800,3),(330104,'江干区',330100,3),(371425,'齐河县',371400,3),(130923,'东光县',130900,3),(150223,'达尔罕茂明安联合旗',150200,3),(411701,'市辖区',411700,3),(440201,'市辖区',440200,3),(120104,'南开区',120100,3),(622926,'东乡族自治县',622900,3),(610404,'渭城区',610400,3),(320583,'昆山市',320500,3),(130823,'平泉县',130800,3),(451400,'崇左市',450000,2),(460203,'吉阳区',460200,3),(371329,'临沭县',371300,3),(520424,'关岭布依族苗族自治县',520400,3),(500237,'巫山县',500200,3),(360428,'都昌县',360400,3),(410526,'滑县',410500,3),(640106,'金凤区',640100,3),(140923,'代县',140900,3),(520102,'南明区',520100,3),(431025,'临武县',431000,3),(360101,'市辖区',360100,3),(410401,'市辖区',410400,3),(211402,'连山区',211400,3),(110117,'平谷区',110100,3),(421221,'嘉鱼县',421200,3),(220401,'市辖区',220400,3),(430801,'市辖区',430800,3),(421301,'市辖区',421300,3),(520525,'纳雍县',520500,3),(150929,'四子王旗',150900,3),(621124,'临洮县',621100,3),(411527,'淮滨县',411500,3),(130631,'望都县',130600,3),(510182,'彭州市',510100,3),(360401,'市辖区',360400,3),(440983,'信宜市',440900,3),(230602,'萨尔图区',230600,3),(370832,'梁山县',370800,3),(410221,'杞县',410200,3),(130828,'围场满族蒙古族自治县',130800,3),(520522,'黔西县',520500,3),(450800,'贵港市',450000,2),(610829,'吴堡县',610800,3),(310104,'徐汇区',310100,3),(130131,'平山县',130100,3),(141123,'兴县',141100,3),(620802,'崆峒区',620800,3),(520000,'贵州省',0,1),(320481,'溧阳市',320400,3),(370881,'曲阜市',370800,3),(511425,'青神县',511400,3),(410711,'牧野区',410700,3),(532301,'楚雄市',532300,3),(621201,'市辖区',621200,3),(220822,'通榆县',220800,3),(371602,'滨城区',371600,3),(231226,'绥棱县',231200,3),(451029,'田林县',451000,3),(340701,'市辖区',340700,3),(371502,'东昌府区',371500,3),(440106,'天河区',440100,3),(130428,'肥乡县',130400,3),(310101,'黄浦区',310100,3),(420527,'秭归县',420500,3),(532331,'禄丰县',532300,3),(610730,'佛坪县',610700,3),(120117,'宁河区',120100,3),(422822,'建始县',422800,3),(620523,'甘谷县',620500,3),(500233,'忠县',500200,3),(440104,'越秀区',440100,3),(150201,'市辖区',150200,3),(410223,'尉氏县',410200,3),(520626,'德江县',520600,3),(341103,'南谯区',341100,3),(450200,'柳州市',450000,2),(450204,'柳南区',450200,3),(450105,'江南区',450100,3),(230822,'桦南县',230800,3),(140722,'左权县',140700,3),(610203,'印台区',610200,3),(623022,'卓尼县',623000,3),(231102,'爱辉区',231100,3),(440825,'徐闻县',440800,3),(140926,'静乐县',140900,3),(540327,'左贡县',540300,3),(511623,'邻水县',511600,3),(370705,'奎文区',370700,3),(530422,'澄江县',530400,3),(210303,'铁西区',210300,3),(341600,'亳州市',340000,2),(530702,'古城区',530700,3),(370323,'沂源县',370300,3),(130534,'清河县',130500,3),(321181,'丹阳市',321100,3),(411082,'长葛市',411000,3),(441402,'梅江区',441400,3),(350802,'新罗区',350800,3),(211422,'建昌县',211400,3),(350603,'龙文区',350600,3),(370684,'蓬莱市',370600,3),(350206,'湖里区',350200,3),(150402,'红山区',150400,3),(330500,'湖州市',330000,2),(340121,'长丰县',340100,3),(511802,'雨城区',511800,3),(513227,'小金县',513200,3),(511132,'峨边彝族自治县',511100,3),(150703,'扎赉诺尔区',150700,3),(652801,'库尔勒市',652800,3),(230184,'五常市',230100,3),(210403,'东洲区',210400,3),(640205,'惠农区',640200,3),(321200,'泰州市',320000,2),(510525,'古蔺县',510500,3),(371402,'德城区',371400,3),(360721,'赣县',360700,3),(533103,'芒市',533100,3),(411400,'商丘市',410000,2),(150502,'科尔沁区',150500,3),(370306,'周村区',370300,3),(650106,'头屯河区',650100,3),(341602,'谯城区',341600,3),(230601,'市辖区',230600,3),(230716,'上甘岭区',230700,3),(130525,'隆尧县',130500,3),(341701,'市辖区',341700,3),(141122,'交城县',141100,3),(210602,'元宝区',210600,3),(630122,'湟中县',630100,3),(510502,'江阳区',510500,3),(440400,'珠海市',440000,2),(140600,'朔州市',140000,2),(140921,'定襄县',140900,3),(610431,'武功县',610400,3),(450324,'全州县',450300,3),(522731,'惠水县',522700,3),(152921,'阿拉善左旗',152900,3),(321282,'靖江市',321200,3),(430201,'市辖区',430200,3),(230702,'伊春区',230700,3),(420302,'茅箭区',420300,3),(220283,'舒兰市',220200,3),(500103,'渝中区',500100,3),(210124,'法库县',210100,3),(460107,'琼山区',460100,3),(350800,'龙岩市',350000,2),(130606,'莲池区',130600,3),(511324,'仪陇县',511300,3),(350121,'闽侯县',350100,3),(340828,'岳西县',340800,3),(340700,'铜陵市',340000,2),(654022,'察布查尔锡伯自治县',654000,3),(500000,'重庆市',0,1),(220204,'船营区',220200,3),(130105,'新华区',130100,3),(532925,'弥渡县',532900,3),(230722,'嘉荫县',230700,3),(450107,'西乡塘区',450100,3),(441284,'四会市',441200,3),(511129,'沐川县',511100,3),(611002,'商州区',611000,3),(210101,'市辖区',210100,3),(320211,'滨湖区',320200,3),(340221,'芜湖县',340200,3),(140821,'临猗县',140800,3),(450109,'邕宁区',450100,3),(370983,'肥城市',370900,3),(210283,'庄河市',210200,3),(360982,'樟树市',360900,3),(610700,'汉中市',610000,2),(513233,'红原县',513200,3),(150104,'玉泉区',150100,3),(610304,'陈仓区',610300,3),(360430,'彭泽县',360400,3),(350721,'顺昌县',350700,3),(371701,'市辖区',371700,3),(340123,'肥西县',340100,3),(330108,'滨江区',330100,3),(511803,'名山区',511800,3),(441826,'连南瑶族自治县',441800,3),(220103,'宽城区',220100,3),(411322,'方城县',411300,3),(430501,'市辖区',430500,3),(341003,'黄山区',341000,3),(411323,'西峡县',411300,3),(370503,'河口区',370500,3),(210300,'鞍山市',210000,2),(540227,'谢通门县',540200,3),(460201,'市辖区',460200,3),(610827,'米脂县',610800,3),(530924,'镇康县',530900,3),(360521,'分宜县',360500,3),(371083,'乳山市',371000,3),(150123,'和林格尔县',150100,3),(210502,'平山区',210500,3),(500118,'永川区',500100,3),(130825,'隆化县',130800,3),(210102,'和平区',210100,3),(330922,'嵊泗县',330900,3),(510311,'沿滩区',510300,3),(460400,'儋州市',460000,2),(150981,'丰镇市',150900,3),(411023,'许昌县',411000,3),(220303,'铁东区',220300,3),(320707,'赣榆区',320700,3),(530601,'市辖区',530600,3),(130127,'高邑县',130100,3),(370911,'岱岳区',370900,3),(150403,'元宝山区',150400,3),(441301,'市辖区',441300,3),(130104,'桥西区',130100,3),(140927,'神池县',140900,3),(320400,'常州市',320000,2),(622901,'临夏市',622900,3),(330304,'瓯海区',330300,3),(530624,'大关县',530600,3),(330822,'常山县',330800,3),(130324,'卢龙县',130300,3),(511923,'平昌县',511900,3),(210213,'金州区',210200,3),(230304,'滴道区',230300,3),(469007,'东方市',469000,3),(520527,'赫章县',520500,3),(110102,'西城区',110100,3),(330106,'西湖区',330100,3),(440232,'乳源瑶族自治县',440200,3),(520621,'江口县',520600,3),(371601,'市辖区',371600,3),(620123,'榆中县',620100,3),(370700,'潍坊市',370000,2),(652901,'阿克苏市',652900,3),(410184,'新郑市',410100,3),(440224,'仁化县',440200,3),(320813,'洪泽区',320800,3),(210106,'铁西区',210100,3),(110106,'丰台区',110100,3),(620621,'民勤县',620600,3),(130301,'市辖区',130300,3),(420281,'大冶市',420200,3),(440303,'罗湖区',440300,3),(421102,'黄州区',421100,3),(530800,'普洱市',530000,2),(513400,'凉山彝族自治州',510000,2),(421303,'曾都区',421300,3),(130322,'昌黎县',130300,3),(210423,'清原满族自治县',210400,3),(350921,'霞浦县',350900,3),(410328,'洛宁县',410300,3),(610402,'秦都区',610400,3),(370681,'龙口市',370600,3),(513301,'康定市',513300,3),(542427,'索县',542400,3),(371522,'莘县',371500,3),(640104,'兴庆区',640100,3),(411526,'潢川县',411500,3),(540122,'当雄县',540100,3),(610503,'华州区',610500,3),(330411,'秀洲区',330400,3),(420702,'梁子湖区',420700,3),(610900,'安康市',610000,2),(512001,'市辖区',512000,3),(120102,'河东区',120100,3),(610525,'澄城县',610500,3),(320703,'连云区',320700,3),(340323,'固镇县',340300,3),(340405,'八公山区',340400,3),(152923,'额济纳旗',152900,3),(220102,'南关区',220100,3),(430381,'湘乡市',430300,3),(450225,'融水苗族自治县',450200,3),(610481,'兴平市',610400,3),(130624,'阜平县',130600,3),(450123,'隆安县',450100,3),(330523,'安吉县',330500,3),(620602,'凉州区',620600,3),(350305,'秀屿区',350300,3),(440902,'茂南区',440900,3),(130500,'邢台市',130000,2),(131028,'大厂回族自治县',131000,3),(130427,'磁县',130400,3),(530102,'五华区',530100,3),(210881,'盖州市',210800,3),(330703,'金东区',330700,3),(230126,'巴彦县',230100,3),(340202,'镜湖区',340200,3),(431301,'市辖区',431300,3),(450327,'灌阳县',450300,3),(411522,'光山县',411500,3),(130627,'唐县',130600,3),(411102,'源汇区',411100,3),(361130,'婺源县',361100,3),(610623,'子长县',610600,3),(350481,'永安市',350400,3),(460106,'龙华区',460100,3),(150122,'托克托县',150100,3),(220211,'丰满区',220200,3),(440233,'新丰县',440200,3),(520523,'金沙县',520500,3),(211001,'市辖区',211000,3),(220621,'抚松县',220600,3),(341623,'利辛县',341600,3),(632722,'杂多县',632700,3),(152200,'兴安盟',150000,2),(500200,'县',500000,2),(340603,'相山区',340600,3),(630224,'化隆回族自治县',630200,3),(130404,'复兴区',130400,3),(130224,'滦南县',130200,3),(220801,'市辖区',220800,3),(620121,'永登县',620100,3),(532300,'楚雄彝族自治州',530000,2),(654201,'塔城市',654200,3),(450681,'东兴市',450600,3),(410311,'洛龙区',410300,3),(130630,'涞源县',130600,3),(410181,'巩义市',410100,3),(511529,'屏山县',511500,3),(632701,'玉树市',632700,3),(230400,'鹤岗市',230000,2),(230712,'汤旺河区',230700,3),(140122,'阳曲县',140100,3),(421126,'蕲春县',421100,3),(152529,'正镶白旗',152500,3),(640000,'宁夏回族自治区',0,1),(150624,'鄂托克旗',150600,3),(230221,'龙江县',230200,3),(610725,'勉县',610700,3),(341722,'石台县',341700,3),(433122,'泸溪县',433100,3),(410611,'淇滨区',410600,3),(421222,'通城县',421200,3),(520304,'播州区',520300,3),(440308,'盐田区',440300,3),(510521,'泸县',510500,3),(130600,'保定市',130000,2),(542521,'普兰县',542500,3),(650502,'伊州区',650500,3),(440881,'廉江市',440800,3),(321003,'邗江区',321000,3),(610422,'三原县',610400,3),(430900,'益阳市',430000,2),(431127,'蓝山县',431100,3),(532929,'云龙县',532900,3),(361121,'上饶县',361100,3),(130708,'万全区',130700,3),(220502,'东昌区',220500,3),(310112,'闵行区',310100,3),(433126,'古丈县',433100,3),(371327,'莒南县',371300,3),(441625,'东源县',441600,3),(150425,'克什克腾旗',150400,3),(360983,'高安市',360900,3),(451221,'南丹县',451200,3),(621000,'庆阳市',620000,2),(210311,'千山区',210300,3),(430702,'武陵区',430700,3),(231123,'逊克县',231100,3),(411281,'义马市',411200,3),(530802,'思茅区',530800,3),(511113,'金口河区',511100,3),(540124,'曲水县',540100,3),(430603,'云溪区',430600,3),(440523,'南澳县',440500,3),(469030,'琼中黎族苗族自治县',469000,3),(430721,'安乡县',430700,3),(230108,'平房区',230100,3),(320831,'金湖县',320800,3),(522600,'黔东南苗族侗族自治州',520000,2),(522624,'三穗县',522600,3),(411723,'平舆县',411700,3),(451421,'扶绥县',451400,3),(150207,'九原区',150200,3),(320322,'沛县',320300,3),(131024,'香河县',131000,3),(220701,'市辖区',220700,3),(411001,'市辖区',411000,3),(653222,'墨玉县',653200,3),(211122,'盘山县',211100,3),(430700,'常德市',430000,2),(210000,'辽宁省',0,1),(341023,'黟县',341000,3),(210726,'黑山县',210700,3),(231121,'嫩江县',231100,3),(610800,'榆林市',610000,2),(430112,'望城区',430100,3),(654028,'尼勒克县',654000,3),(411221,'渑池县',411200,3),(511526,'珙县',511500,3),(510683,'绵竹市',510600,3),(140724,'昔阳县',140700,3),(630123,'湟源县',630100,3),(371621,'惠民县',371600,3),(331127,'景宁畲族自治县',331100,3),(370611,'福山区',370600,3),(520524,'织金县',520500,3),(411600,'周口市',410000,2),(210200,'大连市',210000,2),(632221,'门源回族自治县',632200,3),(632600,'果洛藏族自治州',630000,2),(331003,'黄岩区',331000,3),(532530,'金平苗族瑶族傣族自治县',532500,3),(520330,'习水县',520300,3),(320321,'丰县',320300,3),(532623,'西畴县',532600,3),(532326,'大姚县',532300,3),(520100,'贵阳市',520000,2),(230705,'西林区',230700,3),(441721,'阳西县',441700,3),(430181,'浏阳市',430100,3),(150926,'察哈尔右翼前旗',150900,3),(441521,'海丰县',441500,3),(230811,'郊区',230800,3),(410102,'中原区',410100,3),(530921,'凤庆县',530900,3),(361000,'抚州市',360000,2),(210113,'沈北新区',210100,3),(440901,'市辖区',440900,3),(230708,'美溪区',230700,3),(141125,'柳林县',141100,3),(430300,'湘潭市',430000,2),(431024,'嘉禾县',431000,3),(430103,'天心区',430100,3),(540323,'类乌齐县',540300,3),(511903,'恩阳区',511900,3),(130533,'威县',130500,3),(469026,'昌江黎族自治县',469000,3),(210211,'甘井子区',210200,3),(411524,'商城县',411500,3),(141022,'翼城县',141000,3),(410725,'原阳县',410700,3),(370800,'济宁市',370000,2),(632621,'玛沁县',632600,3),(513300,'甘孜藏族自治州',510000,2),(331122,'缙云县',331100,3),(620800,'平凉市',620000,2),(513324,'九龙县',513300,3),(350213,'翔安区',350200,3),(542431,'双湖县',542400,3),(511400,'眉山市',510000,2),(532822,'勐海县',532800,3),(210501,'市辖区',210500,3),(511500,'宜宾市',510000,2),(330602,'越城区',330600,3),(420116,'黄陂区',420100,3),(411726,'泌阳县',411700,3),(360402,'濂溪区',360400,3),(330283,'奉化市',330200,3),(654021,'伊宁县',654000,3),(430921,'南县',430900,3),(611026,'柞水县',611000,3),(610825,'定边县',610800,3),(422802,'利川市',422800,3),(210500,'本溪市',210000,2),(140621,'山阴县',140600,3),(130701,'市辖区',130700,3),(460205,'崖州区',460200,3),(511826,'芦山县',511800,3),(540101,'市辖区',540100,3),(510802,'利州区',510800,3),(445300,'云浮市',440000,2),(360203,'珠山区',360200,3),(420501,'市辖区',420500,3),(340311,'淮上区',340300,3),(410212,'祥符区',410200,3),(231222,'兰西县',231200,3),(330122,'桐庐县',330100,3),(420528,'长阳土家族自治县',420500,3),(621026,'宁县',621000,3),(360825,'永丰县',360800,3),(140121,'清徐县',140100,3),(652824,'若羌县',652800,3),(330110,'余杭区',330100,3),(653126,'叶城县',653100,3),(110113,'顺义区',110100,3),(330282,'慈溪市',330200,3),(621025,'正宁县',621000,3),(140431,'沁源县',140400,3),(350681,'龙海市',350600,3),(610929,'白河县',610900,3),(650121,'乌鲁木齐县',650100,3),(623023,'舟曲县',623000,3),(610527,'白水县',610500,3),(371000,'威海市',370000,2),(520400,'安顺市',520000,2),(532926,'南涧彝族自治县',532900,3),(131025,'大城县',131000,3),(410182,'荥阳市',410100,3),(130705,'宣化区',130700,3),(420503,'伍家岗区',420500,3),(410324,'栾川县',410300,3),(510302,'自流井区',510300,3),(640201,'市辖区',640200,3),(451001,'市辖区',451000,3),(360124,'进贤县',360100,3),(152528,'镶黄旗',152500,3),(630000,'青海省',0,1),(621227,'徽县',621200,3),(150700,'呼伦贝尔市',150000,2),(510682,'什邡市',510600,3),(430408,'蒸湘区',430400,3),(321203,'高港区',321200,3),(371328,'蒙阴县',371300,3),(360723,'大余县',360700,3),(230826,'桦川县',230800,3),(370300,'淄博市',370000,2),(411681,'项城市',411600,3),(230882,'富锦市',230800,3),(130121,'井陉县',130100,3),(620623,'天祝藏族自治县',620600,3),(420525,'远安县',420500,3),(410728,'长垣县',410700,3),(530602,'昭阳区',530600,3),(610921,'汉阴县',610900,3),(320411,'新北区',320400,3),(630223,'互助土族自治县',630200,3),(542421,'那曲县',542400,3),(220402,'龙山区',220400,3),(410325,'嵩县',410300,3),(450203,'鱼峰区',450200,3),(230112,'阿城区',230100,3),(120116,'滨海新区',120100,3),(220122,'农安县',220100,3),(451000,'百色市',450000,2),(361030,'广昌县',361000,3),(411721,'西平县',411700,3),(340601,'市辖区',340600,3),(532627,'广南县',532600,3),(230804,'前进区',230800,3),(650500,'哈密市',650000,2),(500115,'长寿区',500100,3),(330501,'市辖区',330500,3),(654002,'伊宁市',654000,3),(140424,'屯留县',140400,3),(330201,'市辖区',330200,3),(532528,'元阳县',532500,3),(532901,'大理市',532900,3),(331081,'温岭市',331000,3),(451324,'金秀瑶族自治县',451300,3),(431229,'靖州苗族侗族自治县',431200,3),(513331,'白玉县',513300,3),(610926,'平利县',610900,3),(421281,'赤壁市',421200,3),(350504,'洛江区',350500,3),(350924,'寿宁县',350900,3),(652922,'温宿县',652900,3),(360722,'信丰县',360700,3),(620503,'麦积区',620500,3),(141082,'霍州市',141000,3),(361128,'鄱阳县',361100,3),(451226,'环江毛南族自治县',451200,3),(451381,'合山市',451300,3),(370829,'嘉祥县',370800,3),(410622,'淇县',410600,3),(320117,'溧水区',320100,3),(513231,'阿坝县',513200,3),(530825,'镇沅彝族哈尼族拉祜族自治县',530800,3),(620302,'金川区',620300,3),(421300,'随州市',420000,2),(431129,'江华瑶族自治县',431100,3),(371003,'文登区',371000,3),(411329,'新野县',411300,3),(310151,'崇明区',310100,3),(621100,'定西市',620000,2),(360826,'泰和县',360800,3),(440403,'斗门区',440400,3),(469022,'屯昌县',469000,3),(320903,'盐都区',320900,3),(230921,'勃利县',230900,3),(411104,'召陵区',411100,3),(610722,'城固县',610700,3),(610630,'宜川县',610600,3),(420529,'五峰土家族自治县',420500,3),(340302,'龙子湖区',340300,3),(620622,'古浪县',620600,3),(211301,'市辖区',211300,3),(610101,'市辖区',610100,3),(231002,'东安区',231000,3),(150783,'扎兰屯市',150700,3),(410411,'湛河区',410400,3),(350424,'宁化县',350400,3),(120000,'天津市',0,1),(420301,'市辖区',420300,3),(320381,'新沂市',320300,3),(150900,'乌兰察布市',150000,2),(540322,'贡觉县',540300,3),(653129,'伽师县',653100,3),(361126,'弋阳县',361100,3),(511602,'广安区',511600,3),(654027,'特克斯县',654000,3),(152527,'太仆寺旗',152500,3),(620701,'市辖区',620700,3),(350527,'金门县',350500,3),(431221,'中方县',431200,3),(431128,'新田县',431100,3),(210103,'沈河区',210100,3),(330783,'东阳市',330700,3),(152222,'科尔沁右翼中旗',152200,3),(510106,'金牛区',510100,3),(652800,'巴音郭楞蒙古自治州',650000,2),(152221,'科尔沁右翼前旗',152200,3),(340722,'枞阳县',340700,3),(431227,'新晃侗族自治县',431200,3),(371102,'东港区',371100,3),(371422,'宁津县',371400,3),(431027,'桂东县',431000,3),(450202,'城中区',450200,3),(230129,'延寿县',230100,3),(440784,'鹤山市',440700,3),(330105,'拱墅区',330100,3),(520302,'红花岗区',520300,3),(540330,'边坝县',540300,3),(522631,'黎平县',522600,3),(140981,'原平市',140900,3),(350302,'城厢区',350300,3),(320904,'大丰区',320900,3),(330303,'龙湾区',330300,3),(350200,'厦门市',350000,2),(330800,'衢州市',330000,2),(371703,'定陶区',371700,3),(210381,'海城市',210300,3),(230113,'双城区',230100,3),(441581,'陆丰市',441500,3),(310106,'静安区',310100,3),(320701,'市辖区',320700,3),(361024,'崇仁县',361000,3),(371424,'临邑县',371400,3),(610400,'咸阳市',610000,2),(640401,'市辖区',640400,3),(430400,'衡阳市',430000,2),(140203,'矿区',140200,3),(350783,'建瓯市',350700,3),(440229,'翁源县',440200,3),(150824,'乌拉特中旗',150800,3),(370725,'昌乐县',370700,3),(360102,'东湖区',360100,3),(130109,'藁城区',130100,3),(610200,'铜川市',610000,2),(440700,'江门市',440000,2),(440306,'宝安区',440300,3),(211221,'铁岭县',211200,3),(360701,'市辖区',360700,3),(469028,'陵水黎族自治县',469000,3),(150724,'鄂温克族自治旗',150700,3),(530402,'红塔区',530400,3),(621024,'合水县',621000,3),(320684,'海门市',320600,3),(340322,'五河县',340300,3),(450423,'蒙山县',450400,3),(330601,'市辖区',330600,3),(540127,'墨竹工卡县',540100,3),(530181,'安宁市',530100,3),(211302,'双塔区',211300,3),(433124,'花垣县',433100,3),(140225,'浑源县',140200,3),(140123,'娄烦县',140100,3),(140429,'武乡县',140400,3),(340802,'迎江区',340800,3),(140930,'河曲县',140900,3),(140300,'阳泉市',140000,2),(610117,'高陵区',610100,3),(430304,'岳塘区',430300,3),(320501,'市辖区',320500,3),(411203,'陕州区',411200,3),(321322,'沭阳县',321300,3),(511300,'南充市',510000,2),(340406,'潘集区',340400,3),(422823,'巴东县',422800,3),(340122,'肥东县',340100,3),(210411,'顺城区',210400,3),(370601,'市辖区',370600,3),(451423,'龙州县',451400,3),(430200,'株洲市',430000,2),(513424,'德昌县',513400,3),(430321,'湘潭县',430300,3),(130423,'临漳县',130400,3),(420323,'竹山县',420300,3),(421083,'洪湖市',421000,3),(653130,'巴楚县',653100,3),(620981,'玉门市',620900,3),(330802,'柯城区',330800,3),(210601,'市辖区',210600,3),(530523,'龙陵县',530500,3),(440701,'市辖区',440700,3),(320804,'淮阴区',320800,3),(360781,'瑞金市',360700,3),(420303,'张湾区',420300,3),(500151,'铜梁区',500100,3),(450328,'龙胜各族自治县',450300,3),(410305,'涧西区',410300,3),(331121,'青田县',331100,3),(540321,'江达县',540300,3),(360734,'寻乌县',360700,3),(513232,'若尔盖县',513200,3),(131026,'文安县',131000,3),(210181,'新民市',210100,3),(610322,'凤翔县',610300,3),(540000,'西藏自治区',0,1),(451030,'西林县',451000,3),(230701,'市辖区',230700,3),(441601,'市辖区',441600,3),(341300,'宿州市',340000,2),(150821,'五原县',150800,3),(230883,'抚远市',230800,3),(330782,'义乌市',330700,3),(511701,'市辖区',511700,3),(532628,'富宁县',532600,3),(440401,'市辖区',440400,3),(540421,'工布江达县',540400,3),(141021,'曲沃县',141000,3),(542424,'聂荣县',542400,3),(420104,'硚口区',420100,3),(640100,'银川市',640000,2),(511525,'高县',511500,3),(440803,'霞山区',440800,3),(320111,'浦口区',320100,3),(220200,'吉林市',220000,2),(512022,'乐至县',512000,3),(540100,'拉萨市',540000,2),(320600,'南通市',320000,2),(130683,'安国市',130600,3),(370321,'桓台县',370300,3),(130802,'双桥区',130800,3),(430225,'炎陵县',430200,3),(510411,'仁和区',510400,3),(141124,'临县',141100,3),(320612,'通州区',320600,3),(211102,'双台子区',211100,3),(520112,'乌当区',520100,3),(410326,'汝阳县',410300,3),(532325,'姚安县',532300,3),(511403,'彭山区',511400,3),(320682,'如皋市',320600,3),(530124,'富民县',530100,3),(341800,'宣城市',340000,2),(370634,'长岛县',370600,3),(540523,'桑日县',540500,3),(411200,'三门峡市',410000,2),(140922,'五台县',140900,3),(420381,'丹江口市',420300,3),(211100,'盘锦市',210000,2),(120111,'西青区',120100,3),(620500,'天水市',620000,2),(410421,'宝丰县',410400,3),(520603,'万山区',520600,3),(220403,'西安区',220400,3),(620104,'西固区',620100,3),(450222,'柳城县',450200,3),(650402,'高昌区',650400,3),(610330,'凤县',610300,3),(511325,'西充县',511300,3),(141129,'中阳县',141100,3),(370501,'市辖区',370500,3),(130727,'阳原县',130700,3),(110115,'大兴区',110100,3),(231221,'望奎县',231200,3),(130926,'肃宁县',130900,3),(371603,'沾化区',371600,3),(130706,'下花园区',130700,3),(370304,'博山区',370300,3),(440513,'潮阳区',440500,3),(330402,'南湖区',330400,3),(130430,'邱县',130400,3),(640381,'青铜峡市',640300,3),(621221,'成县',621200,3),(530629,'威信县',530600,3),(220282,'桦甸市',220200,3),(533324,'贡山独龙族怒族自治县',533300,3),(140211,'南郊区',140200,3),(411202,'湖滨区',411200,3),(371581,'临清市',371500,3),(320312,'铜山区',320300,3),(371322,'郯城县',371300,3),(421122,'红安县',421100,3),(150124,'清水河县',150100,3),(130000,'河北省',0,1),(620600,'武威市',620000,2),(150404,'松山区',150400,3),(230800,'佳木斯市',230000,2),(430502,'双清区',430500,3),(451229,'大化瑶族自治县',451200,3),(620721,'肃南裕固族自治县',620700,3),(520113,'白云区',520100,3),(610723,'洋县',610700,3),(632823,'天峻县',632800,3),(441802,'清城区',441800,3),(610922,'石泉县',610900,3),(230711,'乌马河区',230700,3),(440608,'高明区',440600,3),(441602,'源城区',441600,3),(650100,'乌鲁木齐市',650000,2),(110108,'海淀区',110100,3),(431202,'鹤城区',431200,3),(522634,'雷山县',522600,3),(360313,'湘东区',360300,3),(140723,'和顺县',140700,3),(650205,'乌尔禾区',650200,3),(622927,'积石山保安族东乡族撒拉族自治县',622900,3),(130983,'黄骅市',130900,3),(130401,'市辖区',130400,3),(440883,'吴川市',440800,3),(231084,'宁安市',231000,3),(371325,'费县',371300,3),(520301,'市辖区',520300,3),(610928,'旬阳县',610900,3),(451301,'市辖区',451300,3),(653023,'阿合奇县',653000,3),(330881,'江山市',330800,3),(231124,'孙吴县',231100,3),(320706,'海州区',320700,3),(441823,'阳山县',441800,3),(532531,'绿春县',532500,3),(141023,'襄汾县',141000,3),(150826,'杭锦后旗',150800,3),(451323,'武宣县',451300,3),(410801,'市辖区',410800,3),(411628,'鹿邑县',411600,3),(222406,'和龙市',222400,3),(220781,'扶余市',220700,3),(420682,'老河口市',420600,3),(130126,'灵寿县',130100,3),(441821,'佛冈县',441800,3),(140401,'市辖区',140400,3),(652822,'轮台县',652800,3),(140603,'平鲁区',140600,3),(520521,'大方县',520500,3),(430621,'岳阳县',430600,3),(522730,'龙里县',522700,3),(411724,'正阳县',411700,3),(320101,'市辖区',320100,3),(320611,'港闸区',320600,3),(230100,'哈尔滨市',230000,2),(411301,'市辖区',411300,3),(510921,'蓬溪县',510900,3),(340500,'马鞍山市',340000,2),(140522,'阳城县',140500,3),(350624,'诏安县',350600,3),(140322,'盂县',140300,3),(361027,'金溪县',361000,3),(410825,'温县',410800,3),(370285,'莱西市',370200,3),(451225,'罗城仫佬族自治县',451200,3),(330803,'衢江区',330800,3),(140728,'平遥县',140700,3),(150424,'林西县',150400,3),(532927,'巍山彝族回族自治县',532900,3),(430405,'珠晖区',430400,3),(370901,'市辖区',370900,3),(210402,'新抚区',210400,3),(140411,'郊区',140400,3),(450108,'良庆区',450100,3),(632625,'久治县',632600,3),(530829,'西盟佤族自治县',530800,3),(150902,'集宁区',150900,3),(419000,'省直辖县级行政区划',410000,2),(330109,'萧山区',330100,3),(340711,'郊区',340700,3),(140828,'夏县',140800,3),(445100,'潮州市',440000,2),(510524,'叙永县',510500,3),(451281,'宜州市',451200,3),(540223,'定日县',540200,3),(130827,'宽城满族自治县',130800,3),(370406,'山亭区',370400,3),(610204,'耀州区',610200,3),(510105,'青羊区',510100,3),(150722,'莫力达瓦达斡尔族自治旗',150700,3),(130930,'孟村回族自治县',130900,3),(610721,'南郑县',610700,3),(130132,'元氏县',130100,3),(330723,'武义县',330700,3),(441825,'连山壮族瑶族自治县',441800,3),(421023,'监利县',421000,3),(542426,'申扎县',542400,3),(321183,'句容市',321100,3),(341622,'蒙城县',341600,3),(441200,'肇庆市',440000,2),(230500,'双鸭山市',230000,2),(420300,'十堰市',420000,2),(220503,'二道江区',220500,3),(410301,'市辖区',410300,3),(420703,'华容区',420700,3),(150121,'土默特左旗',150100,3),(500105,'江北区',500100,3),(440404,'金湾区',440400,3),(430811,'武陵源区',430800,3),(141001,'市辖区',141000,3),(360981,'丰城市',360900,3),(350100,'福州市',350000,2),(370303,'张店区',370300,3),(450701,'市辖区',450700,3),(230505,'四方台区',230500,3),(220600,'白山市',220000,2),(361029,'东乡县',361000,3),(610000,'陕西省',0,1),(450924,'兴业县',450900,3),(440705,'新会区',440700,3),(152900,'阿拉善盟',150000,2),(140623,'右玉县',140600,3),(210421,'抚顺县',210400,3),(542428,'班戈县',542400,3),(510422,'盐边县',510400,3),(131003,'广阳区',131000,3),(211381,'北票市',211300,3),(210802,'站前区',210800,3),(530502,'隆阳区',530500,3),(511823,'汉源县',511800,3),(520103,'云岩区',520100,3),(230300,'鸡西市',230000,2),(650521,'巴里坤哈萨克自治县',650500,3),(530626,'绥江县',530600,3),(510304,'大安区',510300,3),(430626,'平江县',430600,3),(130306,'抚宁区',130300,3),(341821,'郎溪县',341800,3),(222424,'汪清县',222400,3),(654221,'额敏县',654200,3),(410106,'上街区',410100,3),(530926,'耿马傣族佤族自治县',530900,3),(230128,'通河县',230100,3),(440113,'番禺区',440100,3),(220422,'东辽县',220400,3),(320412,'武进区',320400,3),(410503,'北关区',410500,3),(370828,'金乡县',370800,3),(361102,'信州区',361100,3),(421001,'市辖区',421000,3),(411303,'卧龙区',411300,3),(230521,'集贤县',230500,3),(350104,'仓山区',350100,3),(510113,'青白江区',510100,3),(210921,'阜新蒙古族自治县',210900,3),(140108,'尖草坪区',140100,3),(522632,'榕江县',522600,3),(320413,'金坛区',320400,3),(431224,'溆浦县',431200,3),(131126,'故城县',131100,3),(640324,'同心县',640300,3),(410823,'武陟县',410800,3),(620200,'嘉峪关市',620000,2),(430682,'临湘市',430600,3),(340504,'雨山区',340500,3),(431322,'新化县',431300,3),(370000,'山东省',0,1),(420900,'孝感市',420000,2),(420526,'兴山县',420500,3),(130728,'怀安县',130700,3),(150901,'市辖区',150900,3),(130702,'桥东区',130700,3),(370782,'诸城市',370700,3),(542422,'嘉黎县',542400,3),(530321,'马龙县',530300,3),(210100,'沈阳市',210000,2),(430701,'市辖区',430700,3),(511028,'隆昌县',511000,3),(211382,'凌源市',211300,3),(310109,'虹口区',310100,3),(130531,'广宗县',130500,3),(540325,'察雅县',540300,3),(360222,'浮梁县',360200,3),(431226,'麻阳苗族自治县',431200,3),(451224,'东兰县',451200,3),(650101,'市辖区',650100,3),(530623,'盐津县',530600,3),(610621,'延长县',610600,3),(621125,'漳县',621100,3),(150304,'乌达区',150300,3),(632324,'河南蒙古族自治县',632300,3),(511321,'南部县',511300,3),(141030,'大宁县',141000,3),(654323,'福海县',654300,3),(411626,'淮阳县',411600,3),(210504,'明山区',210500,3),(420502,'西陵区',420500,3),(350781,'邵武市',350700,3),(610104,'莲湖区',610100,3),(361022,'黎川县',361000,3),(360828,'万安县',360800,3),(520322,'桐梓县',520300,3),(210422,'新宾满族自治县',210400,3),(341824,'绩溪县',341800,3),(131002,'安次区',131000,3),(130208,'丰润区',130200,3),(500112,'渝北区',500100,3),(650204,'白碱滩区',650200,3),(450405,'长洲区',450400,3),(440982,'化州市',440900,3),(350430,'建宁县',350400,3),(150923,'商都县',150900,3),(640181,'灵武市',640100,3),(659000,'自治区直辖县级行政区划',650000,2),(632224,'刚察县',632200,3),(500100,'重庆市',500000,2),(370523,'广饶县',370500,3),(150626,'乌审旗',150600,3),(460000,'海南省',0,1),(321111,'润州区',321100,3),(421000,'荆州市',420000,2),(510623,'中江县',510600,3),(450330,'平乐县',450300,3),(450323,'灵川县',450300,3),(511181,'峨眉山市',511100,3),(513329,'新龙县',513300,3),(231201,'市辖区',231200,3),(433130,'龙山县',433100,3),(360600,'鹰潭市',360000,2),(350124,'闽清县',350100,3),(440900,'茂名市',440000,2),(211003,'文圣区',211000,3),(130732,'赤城县',130700,3),(310118,'青浦区',310100,3),(540324,'丁青县',540300,3),(320602,'崇川区',320600,3),(411024,'鄢陵县',411000,3),(422826,'咸丰县',422800,3),(450881,'桂平市',450800,3),(141081,'侯马市',141000,3),(540224,'萨迦县',540200,3),(511523,'江安县',511500,3),(650202,'独山子区',650200,3),(410225,'兰考县',410200,3),(360829,'安福县',360800,3),(500230,'丰都县',500200,3),(620902,'肃州区',620900,3),(620801,'市辖区',620800,3),(341021,'歙县',341000,3),(640521,'中宁县',640500,3),(320324,'睢宁县',320300,3),(513428,'普格县',513400,3),(130227,'迁西县',130200,3),(440114,'花都区',440100,3),(230623,'林甸县',230600,3),(451302,'兴宾区',451300,3),(632200,'海北藏族自治州',630000,2),(520122,'息烽县',520100,3),(450311,'雁山区',450300,3),(630121,'大通回族土族自治县',630100,3),(230101,'市辖区',230100,3),(150102,'新城区',150100,3),(211404,'南票区',211400,3),(513322,'泸定县',513300,3),(532923,'祥云县',532900,3),(341822,'广德县',341800,3),(430000,'湖南省',0,1),(620521,'清水县',620500,3),(410506,'龙安区',410500,3),(110105,'朝阳区',110100,3),(320581,'常熟市',320500,3),(410581,'林州市',410500,3),(140430,'沁县',140400,3),(532504,'弥勒市',532500,3),(411327,'社旗县',411300,3),(520600,'铜仁市',520000,2),(433101,'吉首市',433100,3),(510321,'荣县',510300,3),(350304,'荔城区',350300,3),(321302,'宿城区',321300,3),(340103,'庐阳区',340100,3),(421022,'公安县',421000,3),(511527,'筠连县',511500,3),(230111,'呼兰区',230100,3),(451022,'田东县',451000,3),(441624,'和平县',441600,3),(371001,'市辖区',371000,3),(320801,'市辖区',320800,3),(210505,'南芬区',210500,3),(430624,'湘阴县',430600,3),(513200,'阿坝藏族羌族自治州',510000,2),(410425,'郏县',410400,3),(110109,'门头沟区',110100,3),(141025,'古县',141000,3),(370703,'寒亭区',370700,3),(532524,'建水县',532500,3),(130608,'清苑区',130600,3),(430481,'耒阳市',430400,3),(140824,'稷山县',140800,3),(441621,'紫金县',441600,3),(150222,'固阳县',150200,3),(513337,'稻城县',513300,3),(440203,'武江区',440200,3),(230123,'依兰县',230100,3),(441427,'蕉岭县',441400,3),(621228,'两当县',621200,3),(350501,'市辖区',350500,3),(320302,'鼓楼区',320300,3),(210803,'西市区',210800,3),(510184,'崇州市',510100,3),(360801,'市辖区',360800,3),(410322,'孟津县',410300,3),(141127,'岚县',141100,3),(654024,'巩留县',654000,3),(420205,'铁山区',420200,3),(410202,'龙亭区',410200,3),(511000,'内江市',510000,2),(420624,'南漳县',420600,3),(150500,'通辽市',150000,2),(371728,'东明县',371700,3),(230715,'红星区',230700,3),(330726,'浦江县',330700,3),(440512,'濠江区',440500,3),(140882,'河津市',140800,3),(530381,'宣威市',530300,3),(341001,'市辖区',341000,3),(230881,'同江市',230800,3),(440904,'电白区',440900,3),(440101,'市辖区',440100,3),(420101,'市辖区',420100,3),(410422,'叶县',410400,3),(430104,'岳麓区',430100,3),(652702,'阿拉山口市',652700,3),(370923,'东平县',370900,3),(131082,'三河市',131000,3),(650105,'水磨沟区',650100,3),(140402,'城区',140400,3),(350425,'大田县',350400,3),(331024,'仙居县',331000,3),(532322,'双柏县',532300,3),(340300,'蚌埠市',340000,2),(640423,'隆德县',640400,3),(440111,'白云区',440100,3),(330522,'长兴县',330500,3),(220381,'公主岭市',220300,3),(511133,'马边彝族自治县',511100,3),(230205,'昂昂溪区',230200,3),(371501,'市辖区',371500,3),(130581,'南宫市',130500,3),(211481,'兴城市',211400,3),(131102,'桃城区',131100,3),(140106,'迎泽区',140100,3),(445301,'市辖区',445300,3),(533325,'兰坪白族普米族自治县',533300,3),(371623,'无棣县',371600,3),(141028,'吉县',141000,3),(210114,'于洪区',210100,3),(140830,'芮城县',140800,3),(210604,'振安区',210600,3),(445224,'惠来县',445200,3),(610426,'永寿县',610400,3),(371403,'陵城区',371400,3),(410000,'河南省',0,1),(450421,'苍梧县',450400,3),(350600,'漳州市',350000,2),(511781,'万源市',511700,3),(610729,'留坝县',610700,3),(450422,'藤县',450400,3),(340881,'桐城市',340800,3),(360112,'新建区',360100,3),(530122,'晋宁县',530100,3),(220582,'集安市',220500,3),(533300,'怒江傈僳族自治州',530000,2),(320508,'姑苏区',320500,3),(152524,'苏尼特右旗',152500,3),(411725,'确山县',411700,3),(360602,'月湖区',360600,3),(653128,'岳普湖县',653100,3),(140423,'襄垣县',140400,3),(130400,'邯郸市',130000,2),(370402,'市中区',370400,3),(360901,'市辖区',360900,3),(410329,'伊川县',410300,3),(610424,'乾县',610400,3),(451031,'隆林各族自治县',451000,3),(530424,'华宁县',530400,3),(361129,'万年县',361100,3),(320582,'张家港市',320500,3),(130201,'市辖区',130200,3),(441424,'五华县',441400,3),(450205,'柳北区',450200,3),(410781,'卫辉市',410700,3),(530621,'鲁甸县',530600,3),(130800,'承德市',130000,2),(611022,'丹凤县',611000,3),(360202,'昌江区',360200,3),(650203,'克拉玛依区',650200,3),(540202,'桑珠孜区',540200,3),(340100,'合肥市',340000,2),(451002,'右江区',451000,3),(530923,'永德县',530900,3),(350421,'明溪县',350400,3),(520200,'六盘水市',520000,2),(621121,'通渭县',621100,3),(150400,'赤峰市',150000,2),(511827,'宝兴县',511800,3),(652325,'奇台县',652300,3),(530302,'麒麟区',530300,3),(140902,'忻府区',140900,3),(210521,'本溪满族自治县',210500,3),(220882,'大安市',220800,3),(522726,'独山县',522700,3),(320115,'江宁区',320100,3),(220421,'东丰县',220400,3),(610522,'潼关县',610500,3),(350125,'永泰县',350100,3),(220105,'二道区',220100,3),(530826,'江城哈尼族彝族自治县',530800,3),(441781,'阳春市',441700,3),(610102,'新城区',610100,3),(610826,'绥德县',610800,3),(430511,'北塔区',430500,3),(520181,'清镇市',520100,3),(440605,'南海区',440600,3),(230127,'木兰县',230100,3),(330281,'余姚市',330200,3),(431102,'零陵区',431100,3),(654321,'布尔津县',654300,3),(510812,'朝天区',510800,3),(620821,'泾川县',620800,3),(340104,'蜀山区',340100,3),(230281,'讷河市',230200,3),(431100,'永州市',430000,2),(410423,'鲁山县',410400,3),(451026,'那坡县',451000,3),(513325,'雅江县',513300,3),(522702,'福泉市',522700,3),(611001,'市辖区',611000,3),(630102,'城东区',630100,3),(141101,'市辖区',141100,3),(211004,'宏伟区',211000,3),(370602,'芝罘区',370600,3),(360400,'九江市',360000,2),(330204,'江东区',330200,3),(522325,'贞丰县',522300,3),(411622,'西华县',411600,3),(640500,'中卫市',640000,2),(150524,'库伦旗',150500,3),(410200,'开封市',410000,2),(430124,'宁乡县',430100,3),(211224,'昌图县',211200,3),(371300,'临沂市',370000,2),(430611,'君山区',430600,3),(341801,'市辖区',341800,3),(370785,'高密市',370700,3),(441223,'广宁县',441200,3),(410108,'惠济区',410100,3),(350111,'晋安区',350100,3),(522323,'普安县',522300,3),(440823,'遂溪县',440800,3),(350881,'漳平市',350800,3),(210782,'北镇市',210700,3),(659001,'石河子市',659000,3),(130434,'魏县',130400,3),(540234,'吉隆县',540200,3),(500153,'荣昌区',500100,3),(411700,'驻马店市',410000,2),(340400,'淮南市',340000,2),(130582,'沙河市',130500,3),(610602,'宝塔区',610600,3),(500236,'奉节县',500200,3),(469002,'琼海市',469000,3),(320104,'秦淮区',320100,3),(220101,'市辖区',220100,3),(141181,'孝义市',141100,3),(450400,'梧州市',450000,2),(451123,'富川瑶族自治县',451100,3),(430302,'雨湖区',430300,3),(441523,'陆河县',441500,3),(540422,'米林县',540400,3),(460202,'海棠区',460200,3),(140427,'壶关县',140400,3),(450981,'北流市',450900,3),(350722,'浦城县',350700,3),(211104,'大洼区',211100,3),(130901,'市辖区',130900,3),(210600,'丹东市',210000,2),(652301,'昌吉市',652300,3),(430102,'芙蓉区',430100,3),(130602,'竞秀区',130600,3),(360803,'青原区',360800,3),(440601,'市辖区',440600,3),(130283,'迁安市',130200,3),(530501,'市辖区',530500,3),(522701,'都匀市',522700,3),(440781,'台山市',440700,3),(141182,'汾阳市',141100,3),(420704,'鄂城区',420700,3),(341222,'太和县',341200,3),(410101,'市辖区',410100,3),(430105,'开福区',430100,3),(340404,'谢家集区',340400,3),(230603,'龙凤区',230600,3),(152522,'阿巴嘎旗',152500,3),(410922,'清丰县',410900,3),(450921,'容县',450900,3),(511323,'蓬安县',511300,3),(511124,'井研县',511100,3),(440305,'南山区',440300,3),(230422,'绥滨县',230400,3),(431230,'通道侗族自治县',431200,3),(450000,'广西壮族自治区',0,1),(341322,'萧县',341300,3),(340521,'当涂县',340500,3),(140109,'万柏林区',140100,3),(450406,'龙圩区',450400,3),(331023,'天台县',331000,3),(500114,'黔江区',500100,3),(131023,'永清县',131000,3),(510185,'简阳市',510100,3),(350703,'建阳区',350700,3),(610303,'金台区',610300,3),(361103,'广丰区',361100,3),(110101,'东城区',110100,3),(530524,'昌宁县',530500,3),(140928,'五寨县',140900,3),(440300,'深圳市',440000,2),(340402,'大通区',340400,3),(511424,'丹棱县',511400,3),(420112,'东西湖区',420100,3),(360733,'会昌县',360700,3),(431228,'芷江侗族自治县',431200,3),(341504,'叶集区',341500,3),(500231,'垫江县',500200,3),(330521,'德清县',330500,3),(370105,'天桥区',370100,3),(430500,'邵阳市',430000,2),(430221,'株洲县',430200,3),(430724,'临澧县',430700,3),(420802,'东宝区',420800,3),(230801,'市辖区',230800,3),(371625,'博兴县',371600,3),(140481,'潞城市',140400,3),(130426,'涉县',130400,3),(150429,'宁城县',150400,3),(411502,'浉河区',411500,3),(370812,'兖州区',370800,3),(450401,'市辖区',450400,3),(371301,'市辖区',371300,3),(350581,'石狮市',350500,3),(370801,'市辖区',370800,3),(232723,'漠河县',232700,3),(152922,'阿拉善右旗',152900,3),(440281,'乐昌市',440200,3),(654326,'吉木乃县',654300,3),(131121,'枣强县',131100,3),(520526,'威宁彝族回族苗族自治县',520500,3),(341002,'屯溪区',341000,3),(620421,'靖远县',620400,3),(150622,'准格尔旗',150600,3),(530129,'寻甸回族彝族自治县',530100,3),(350105,'马尾区',350100,3),(511322,'营山县',511300,3),(230405,'兴安区',230400,3),(410104,'管城回族区',410100,3),(330327,'苍南县',330300,3),(410822,'博爱县',410800,3),(331181,'龙泉市',331100,3),(130304,'北戴河区',130300,3),(370404,'峄城区',370400,3),(540228,'白朗县',540200,3),(320901,'市辖区',320900,3),(510703,'涪城区',510700,3),(450603,'防城区',450600,3),(450703,'钦北区',450700,3),(530111,'官渡区',530100,3),(350426,'尤溪县',350400,3),(320724,'灌南县',320700,3),(511524,'长宁县',511500,3),(130929,'献县',130900,3),(500120,'璧山区',500100,3),(451121,'昭平县',451100,3),(330329,'泰顺县',330300,3),(360483,'庐山市',360400,3),(210321,'台安县',210300,3),(110118,'密云区',110100,3),(140525,'泽州县',140500,3),(350423,'清流县',350400,3),(431222,'沅陵县',431200,3),(230700,'伊春市',230000,2),(623027,'夏河县',623000,3),(370786,'昌邑市',370700,3),(230201,'市辖区',230200,3),(820000,'澳门特别行政区',0,1),(130524,'柏乡县',130500,3),(440511,'金平区',440500,3),(610626,'吴起县',610600,3),(130731,'涿鹿县',130700,3),(211303,'龙城区',211300,3),(420000,'湖北省',0,1),(410900,'濮阳市',410000,2),(210401,'市辖区',210400,3),(341302,'埇桥区',341300,3),(520422,'普定县',520400,3),(131123,'武强县',131100,3),(230828,'汤原县',230800,3),(360725,'崇义县',360700,3),(130826,'丰宁满族自治县',130800,3),(330401,'市辖区',330400,3),(130982,'任丘市',130900,3),(411101,'市辖区',411100,3),(530724,'宁蒗彝族自治县',530700,3),(130107,'井陉矿区',130100,3),(230402,'向阳区',230400,3),(460105,'秀英区',460100,3),(130821,'承德县',130800,3),(630105,'城北区',630100,3),(130481,'武安市',130400,3),(460200,'三亚市',460000,2),(410926,'范县',410900,3),(130703,'桥西区',130700,3),(511801,'市辖区',511800,3),(340102,'瑶海区',340100,3),(520501,'市辖区',520500,3),(510522,'合江县',510500,3),(321182,'扬中市',321100,3),(610603,'安塞区',610600,3),(510501,'市辖区',510500,3),(450500,'北海市',450000,2),(340207,'鸠江区',340200,3),(410300,'洛阳市',410000,2),(340223,'南陵县',340200,3),(540235,'聂拉木县',540200,3),(653200,'和田地区',650000,2),(370305,'临淄区',370300,3),(630200,'海东市',630000,2),(341700,'池州市',340000,2),(630225,'循化撒拉族自治县',630200,3),(371500,'聊城市',370000,2),(530701,'市辖区',530700,3),(532601,'文山市',532600,3),(450312,'临桂区',450300,3),(542425,'安多县',542400,3),(421321,'随县',421300,3),(653131,'塔什库尔干塔吉克自治县',653100,3),(445321,'新兴县',445300,3),(131001,'市辖区',131000,3),(513333,'色达县',513300,3),(350724,'松溪县',350700,3),(440118,'增城区',440100,3),(420324,'竹溪县',420300,3),(150602,'东胜区',150600,3),(371526,'高唐县',371500,3),(420582,'当阳市',420500,3),(320922,'滨海县',320900,3),(150726,'新巴尔虎左旗',150700,3),(340522,'含山县',340500,3),(421181,'麻城市',421100,3),(350300,'莆田市',350000,2),(350622,'云霄县',350600,3),(522626,'岑巩县',522600,3),(610327,'陇县',610300,3),(360200,'景德镇市',360000,2),(321323,'泗阳县',321300,3),(533102,'瑞丽市',533100,3),(130204,'古冶区',130200,3),(650422,'托克逊县',650400,3),(513230,'壤塘县',513200,3),(340501,'市辖区',340500,3),(350982,'福鼎市',350900,3),(310120,'奉贤区',310100,3),(210801,'市辖区',210800,3),(330784,'永康市',330700,3),(510104,'锦江区',510100,3),(511722,'宣汉县',511700,3),(530423,'通海县',530400,3),(360421,'九江县',360400,3),(532323,'牟定县',532300,3),(540123,'尼木县',540100,3),(130229,'玉田县',130200,3),(442000,'中山市',440000,2),(500235,'云阳县',500200,3),(130981,'泊头市',130900,3),(540102,'城关区',540100,3),(361028,'资溪县',361000,3),(620403,'平川区',620400,3),(210224,'长海县',210200,3),(130202,'路南区',130200,3),(360201,'市辖区',360200,3),(511601,'市辖区',511600,3),(130632,'安新县',130600,3),(450223,'鹿寨县',450200,3),(500102,'涪陵区',500100,3),(510100,'成都市',510000,2),(420102,'江岸区',420100,3),(421200,'咸宁市',420000,2),(320118,'高淳区',320100,3),(210800,'营口市',210000,2),(210882,'大石桥市',210800,3),(360000,'江西省',0,1),(540226,'昂仁县',540200,3),(230306,'城子河区',230300,3),(451100,'贺州市',450000,2),(341601,'市辖区',341600,3),(210904,'太平区',210900,3),(150221,'土默特右旗',150200,3),(500243,'彭水苗族土家族自治县',500200,3),(540426,'朗县',540400,3),(440514,'潮南区',440500,3),(210304,'立山区',210300,3),(431124,'道县',431100,3),(632724,'治多县',632700,3),(220322,'梨树县',220300,3),(411722,'上蔡县',411700,3),(350211,'集美区',350200,3),(421202,'咸安区',421200,3),(210123,'康平县',210100,3),(320404,'钟楼区',320400,3),(620321,'永昌县',620300,3),(360111,'青山湖区',360100,3),(371600,'滨州市',370000,2),(433100,'湘西土家族苗族自治州',430000,2),(130636,'顺平县',130600,3),(361124,'铅山县',361100,3),(620900,'酒泉市',620000,2),(410481,'舞钢市',410400,3),(230307,'麻山区',230300,3),(450821,'平南县',450800,3),(210202,'中山区',210200,3),(441324,'龙门县',441300,3),(431001,'市辖区',431000,3),(150600,'鄂尔多斯市',150000,2),(610901,'市辖区',610900,3),(140925,'宁武县',140900,3),(340826,'宿松县',340800,3),(320921,'响水县',320900,3),(150300,'乌海市',150000,2),(130535,'临西县',130500,3),(630222,'民和回族土族自治县',630200,3),(500106,'沙坪坝区',500100,3),(621202,'武都区',621200,3),(340803,'大观区',340800,3),(532600,'文山壮族苗族自治州',530000,2),(511703,'达川区',511700,3),(441422,'大埔县',441400,3),(411381,'邓州市',411300,3),(320311,'泉山区',320300,3),(230403,'工农区',230400,3),(370831,'泗水县',370800,3),(110119,'延庆区',110100,3),(410403,'卫东区',410400,3),(130921,'沧县',130900,3),(652700,'博尔塔拉蒙古自治州',650000,2),(140311,'郊区',140300,3),(540424,'波密县',540400,3),(321202,'海陵区',321200,3),(140428,'长子县',140400,3),(370405,'台儿庄区',370400,3),(440000,'广东省',0,1),(520324,'正安县',520300,3),(140781,'介休市',140700,3),(450201,'市辖区',450200,3),(230606,'大同区',230600,3),(371326,'平邑县',371300,3),(431026,'汝城县',431000,3),(620723,'临泽县',620700,3),(211081,'灯塔市',211000,3),(431023,'永兴县',431000,3),(420981,'应城市',420900,3),(540521,'扎囊县',540500,3),(370322,'高青县',370300,3),(510723,'盐亭县',510700,3),(511900,'巴中市',510000,2),(340401,'市辖区',340400,3),(411525,'固始县',411500,3),(341201,'市辖区',341200,3),(371324,'兰陵县',371300,3),(530127,'嵩明县',530100,3),(410323,'新安县',410300,3),(370902,'泰山区',370900,3),(341522,'霍邱县',341500,3),(621021,'庆城县',621000,3),(440307,'龙岗区',440300,3),(371002,'环翠区',371000,3),(360922,'万载县',360900,3),(450721,'灵山县',450700,3),(640301,'市辖区',640300,3),(330182,'建德市',330100,3),(530301,'市辖区',530300,3),(230621,'肇州县',230600,3),(533100,'德宏傣族景颇族自治州',530000,2),(140602,'朔城区',140600,3),(220501,'市辖区',220500,3),(530000,'云南省',0,1),(360702,'章贡区',360700,3),(650522,'伊吾县',650500,3),(150921,'卓资县',150900,3),(440204,'浈江区',440200,3),(653223,'皮山县',653200,3),(150125,'武川县',150100,3),(330185,'临安市',330100,3),(513228,'黑水县',513200,3),(230714,'乌伊岭区',230700,3),(150621,'达拉特旗',150600,3),(632623,'甘德县',632600,3),(320114,'雨花台区',320100,3),(370522,'利津县',370500,3),(331021,'玉环县',331000,3),(520303,'汇川区',520300,3),(431125,'江永县',431100,3),(620122,'皋兰县',620100,3),(622924,'广河县',622900,3),(430401,'市辖区',430400,3),(632223,'海晏县',632200,3),(510108,'成华区',510100,3),(230713,'带岭区',230700,3),(430681,'汨罗市',430600,3),(511621,'岳池县',511600,3),(211300,'朝阳市',210000,2),(652829,'博湖县',652800,3),(620823,'崇信县',620800,3),(230208,'梅里斯达斡尔族区',230200,3),(513201,'马尔康市',513200,3),(131124,'饶阳县',131100,3),(450304,'象山区',450300,3),(330400,'嘉兴市',330000,2),(510722,'三台县',510700,3),(230231,'拜泉县',230200,3),(620700,'张掖市',620000,2),(640522,'海原县',640500,3),(410122,'中牟县',410100,3),(520222,'盘县',520200,3),(331002,'椒江区',331000,3),(371400,'德州市',370000,2),(421123,'罗田县',421100,3),(652924,'沙雅县',652900,3),(411321,'南召县',411300,3),(230503,'岭东区',230500,3),(130684,'高碑店市',130600,3),(130822,'兴隆县',130800,3),(340421,'凤台县',340400,3),(230224,'泰来县',230200,3),(360732,'兴国县',360700,3),(230200,'齐齐哈尔市',230000,2),(441501,'市辖区',441500,3),(652828,'和硕县',652800,3),(441881,'英德市',441800,3),(110112,'通州区',110100,3),(211002,'白塔区',211000,3),(542524,'日土县',542500,3),(150721,'阿荣旗',150700,3),(632323,'泽库县',632300,3),(141031,'隰县',141000,3),(341024,'祁门县',341000,3),(350428,'将乐县',350400,3),(141100,'吕梁市',140000,2),(320102,'玄武区',320100,3),(450600,'防城港市',450000,2),(370724,'临朐县',370700,3),(370213,'李沧区',370200,3),(532800,'西双版纳傣族自治州',530000,2),(120118,'静海区',120100,3),(611023,'商南县',611000,3),(422801,'恩施市',422800,3),(210104,'大东区',210100,3),(210911,'细河区',210900,3),(511423,'洪雅县',511400,3),(510114,'新都区',510100,3),(420902,'孝南区',420900,3),(140502,'城区',140500,3),(654026,'昭苏县',654000,3),(320925,'建湖县',320900,3),(620601,'市辖区',620600,3),(410500,'安阳市',410000,2),(320116,'六合区',320100,3),(130205,'开平区',130200,3),(532324,'南华县',532300,3),(441400,'梅州市',440000,2),(500240,'石柱土家族自治县',500200,3),(211403,'龙港区',211400,3),(130424,'成安县',130400,3),(330901,'市辖区',330900,3),(622925,'和政县',622900,3),(150924,'兴和县',150900,3),(653100,'喀什地区',650000,2),(510503,'纳溪区',510500,3),(610802,'榆阳区',610800,3),(340811,'宜秀区',340800,3),(220281,'蛟河市',220200,3),(620101,'市辖区',620100,3),(230204,'铁锋区',230200,3),(350821,'长汀县',350800,3),(341825,'旌德县',341800,3),(652300,'昌吉回族自治州',650000,2),(440200,'韶关市',440000,2),(450901,'市辖区',450900,3),(610112,'未央区',610100,3),(370502,'东营区',370500,3),(230110,'香坊区',230100,3),(450403,'万秀区',450400,3),(350926,'柘荣县',350900,3),(653125,'莎车县',653100,3),(360423,'武宁县',360400,3),(610830,'清涧县',610800,3),(140822,'万荣县',140800,3),(510626,'罗江县',510600,3),(530801,'市辖区',530800,3),(141002,'尧都区',141000,3),(320700,'连云港市',320000,2),(150103,'回民区',150100,3),(330701,'市辖区',330700,3),(610600,'延安市',610000,2),(370811,'任城区',370800,3),(340706,'义安区',340700,3),(430726,'石门县',430700,3),(450301,'市辖区',450300,3),(341125,'定远县',341100,3),(620105,'安宁区',620100,3),(341204,'颍泉区',341200,3),(152223,'扎赉特旗',152200,3),(360321,'莲花县',360300,3),(150202,'东河区',150200,3),(341102,'琅琊区',341100,3),(150928,'察哈尔右翼后旗',150900,3),(620501,'市辖区',620500,3),(632700,'玉树藏族自治州',630000,2),(211223,'西丰县',211200,3),(622900,'临夏回族自治州',620000,2),(120101,'和平区',120100,3),(341502,'金安区',341500,3),(321012,'江都区',321000,3),(140501,'市辖区',140500,3),(500228,'梁平县',500200,3),(652925,'新和县',652900,3),(320000,'江苏省',0,1),(450902,'玉州区',450900,3),(330326,'平阳县',330300,3),(370701,'市辖区',370700,3),(650000,'新疆维吾尔自治区',0,1),(410211,'金明区',410200,3),(632322,'尖扎县',632300,3),(611024,'山阳县',611000,3),(320300,'徐州市',320000,2),(451422,'宁明县',451400,3),(150785,'根河市',150700,3),(130100,'石家庄市',130000,2),(610601,'市辖区',610600,3),(220100,'长春市',220000,2),(321281,'兴化市',321200,3),(370683,'莱州市',370600,3),(421087,'松滋市',421000,3),(610582,'华阴市',610500,3),(130225,'乐亭县',130200,3),(141128,'方山县',141100,3),(340621,'濉溪县',340600,3),(520381,'赤水市',520300,3),(370403,'薛城区',370400,3),(320812,'清江浦区',320800,3),(440785,'恩平市',440700,3),(431381,'冷水江市',431300,3),(652926,'拜城县',652900,3),(140521,'沁水县',140500,3),(150101,'市辖区',150100,3),(540221,'南木林县',540200,3),(330727,'磐安县',330700,3),(510701,'市辖区',510700,3),(230900,'七台河市',230000,2),(330100,'杭州市',330000,2),(420801,'市辖区',420800,3),(150784,'额尔古纳市',150700,3),(530326,'会泽县',530300,3),(540423,'墨脱县',540400,3),(420222,'阳新县',420200,3),(420322,'郧西县',420300,3),(350000,'福建省',0,1),(610202,'王益区',610200,3),(360730,'宁都县',360700,3),(411025,'襄城县',411000,3),(341702,'贵池区',341700,3),(361127,'余干县',361100,3),(610902,'汉滨区',610900,3),(533123,'盈江县',533100,3),(210624,'宽甸满族自治县',210600,3),(350801,'市辖区',350800,3),(513330,'德格县',513300,3),(441900,'东莞市',440000,2),(360425,'永修县',360400,3),(340827,'望江县',340800,3),(341000,'黄山市',340000,2),(222405,'龙井市',222400,3),(420103,'江汉区',420100,3),(512000,'资阳市',510000,2),(210711,'太和区',210700,3),(510000,'四川省',0,1),(632500,'海南藏族自治州',630000,2),(130281,'遵化市',130200,3),(140932,'偏关县',140900,3),(410703,'卫滨区',410700,3),(511501,'市辖区',511500,3),(331022,'三门县',331000,3),(420984,'汉川市',420900,3),(620000,'甘肃省',0,1),(522328,'安龙县',522300,3),(310116,'金山区',310100,3),(420325,'房县',420300,3),(220821,'镇赉县',220800,3),(140500,'晋城市',140000,2),(430503,'大祥区',430500,3),(141026,'安泽县',141000,3),(500119,'南川区',500100,3),(620826,'静宁县',620800,3),(340208,'三山区',340200,3),(621223,'宕昌县',621200,3),(510181,'都江堰市',510100,3),(621225,'西和县',621200,3),(222404,'珲春市',222400,3),(371626,'邹平县',371600,3),(320402,'天宁区',320400,3),(410701,'市辖区',410700,3);

/*Table structure for table `tb_carousel` */

DROP TABLE IF EXISTS `tb_carousel`;

CREATE TABLE `tb_carousel` (
  `id` int(12) NOT NULL AUTO_INCREMENT COMMENT '轮播图主键',
  `url` varchar(255) DEFAULT NULL,
  `title` varchar(40) DEFAULT '' COMMENT '轮播标题',
  `picture` varchar(80) NOT NULL DEFAULT '' COMMENT '轮播图片路径',
  `sort` int(2) DEFAULT NULL,
  `status` tinyint(2) DEFAULT NULL,
  `pubtime` timestamp NULL DEFAULT NULL,
  PRIMARY KEY (`id`),
  UNIQUE KEY `id` (`id`)
) ENGINE=InnoDB AUTO_INCREMENT=11 DEFAULT CHARSET=utf8;

/*Data for the table `tb_carousel` */

insert  into `tb_carousel` values (1,NULL,'这是轮播图1','/images/banner/012ba357241a2b32f875a399301634.jpg',NULL,NULL,'2018-08-08 13:40:37'),(2,NULL,'这是轮播图2','/images/banner/0199d557241a286ac72538125a7884.jpg',NULL,NULL,'2018-08-07 13:40:41'),(3,NULL,'这是轮播图3','/images/banner/01200b57241a306ac7253812cf7140.jpg',NULL,NULL,'2018-08-06 13:40:44'),(4,NULL,'这是轮播图4','/images/banner/01759f57241a2832f875a399d75c8f.jpg',NULL,NULL,'2018-08-05 13:40:46'),(5,NULL,'这是轮播图5','/images/banner/01200b57241a306ac7253812cf7140.jpg',NULL,NULL,'2018-08-04 13:40:49'),(6,'http://','测试接口','/uploads/20180808/9aa58a2feb358244ac53ad19da75a9ca.png',1,1,'0000-00-00 00:00:00'),(7,'http://','测试接口','/uploads/20180808/95877a6b5afab1e7bd742813805902b7.png',1,1,'2018-08-08 02:08:07'),(8,'http://','测试接口','/uploads/20180808/a67852ae319bb59ef739c18473bb06cc.png',1,1,'2018-08-08 14:08:08'),(9,'http://','测试接口','/uploads/20180808/a03fa8276d599a0c1704749176c990fe.png',1,1,'2018-08-08 14:09:14'),(10,'','123123','/uploads/20180808/8611cdb6f11c3391913dda46ae27c27d.png',1,1,'2018-08-08 14:40:28');

/*Table structure for table `tb_category` */

DROP TABLE IF EXISTS `tb_category`;

CREATE TABLE `tb_category` (
  `id` int(12) NOT NULL AUTO_INCREMENT COMMENT '类别主键',
  `categoryname` varchar(80) NOT NULL DEFAULT '' COMMENT '类别名称',
  PRIMARY KEY (`id`)
) ENGINE=InnoDB AUTO_INCREMENT=11 DEFAULT CHARSET=utf8;

/*Data for the table `tb_category` */

insert  into `tb_category` values (1,'类目一'),(2,'类目二'),(3,'类目三'),(4,'类目四'),(5,'类目五'),(6,'类目六'),(7,'类目七'),(8,'类目八'),(9,'类目九'),(10,'类目十');

/*Table structure for table `tb_competition_forums` */

DROP TABLE IF EXISTS `tb_competition_forums`;

CREATE TABLE `tb_competition_forums` (
  `id` int(12) NOT NULL AUTO_INCREMENT COMMENT '主键',
  `competition_id` int(11) NOT NULL COMMENT '大赛id',
  `forum_id` int(11) NOT NULL COMMENT '论坛id',
  PRIMARY KEY (`id`)
) ENGINE=InnoDB DEFAULT CHARSET=utf8 COMMENT='大赛论坛中间表';

/*Data for the table `tb_competition_forums` */

/*Table structure for table `tb_competition_investors` */

DROP TABLE IF EXISTS `tb_competition_investors`;

CREATE TABLE `tb_competition_investors` (
  `id` int(12) NOT NULL AUTO_INCREMENT COMMENT '主键',
  `competition_id` int(11) NOT NULL COMMENT '大赛id',
  `investor_id` int(11) NOT NULL COMMENT '投资机构id',
  PRIMARY KEY (`id`)
) ENGINE=InnoDB AUTO_INCREMENT=6 DEFAULT CHARSET=utf8 COMMENT='大赛投资机构中间表';

/*Data for the table `tb_competition_investors` */

insert  into `tb_competition_investors` values (5,1,4);

/*Table structure for table `tb_competition_news` */

DROP TABLE IF EXISTS `tb_competition_news`;

CREATE TABLE `tb_competition_news` (
  `id` int(12) NOT NULL AUTO_INCREMENT COMMENT '主键',
  `competition_id` int(11) NOT NULL COMMENT '大赛id',
  `news_id` int(11) NOT NULL COMMENT '新闻id',
  PRIMARY KEY (`id`)
) ENGINE=InnoDB AUTO_INCREMENT=3 DEFAULT CHARSET=utf8 COMMENT='大赛新闻中间表';

/*Data for the table `tb_competition_news` */

insert  into `tb_competition_news` values (1,1,3),(2,1,4);

/*Table structure for table `tb_competition_organizers` */

DROP TABLE IF EXISTS `tb_competition_organizers`;

CREATE TABLE `tb_competition_organizers` (
  `id` int(12) NOT NULL AUTO_INCREMENT COMMENT '主键',
  `competition_id` int(11) NOT NULL COMMENT '大赛id',
  `organizer_id` int(11) NOT NULL COMMENT '组织机构id',
  PRIMARY KEY (`id`)
) ENGINE=InnoDB AUTO_INCREMENT=2 DEFAULT CHARSET=utf8 COMMENT='大赛组织机构中间表';

/*Data for the table `tb_competition_organizers` */

insert  into `tb_competition_organizers` values (1,1,1);

/*Table structure for table `tb_competition_sps` */

DROP TABLE IF EXISTS `tb_competition_sps`;

CREATE TABLE `tb_competition_sps` (
  `id` int(12) NOT NULL AUTO_INCREMENT COMMENT '主键',
  `competition_id` int(11) NOT NULL COMMENT '大赛id',
  `sp_id` int(11) NOT NULL COMMENT '服务商id',
  PRIMARY KEY (`id`)
) ENGINE=InnoDB AUTO_INCREMENT=4 DEFAULT CHARSET=utf8 COMMENT='大赛服务商中间表';

/*Data for the table `tb_competition_sps` */

insert  into `tb_competition_sps` values (1,1,1),(2,1,2),(3,1,3);

/*Table structure for table `tb_competition_teams` */

DROP TABLE IF EXISTS `tb_competition_teams`;

CREATE TABLE `tb_competition_teams` (
  `id` int(12) NOT NULL AUTO_INCREMENT COMMENT '主键',
  `competition_id` int(10) NOT NULL COMMENT '大赛id',
  `team_id` int(11) NOT NULL COMMENT '团队id',
  `status` int(11) NOT NULL COMMENT '报名状态',
  `register_time` timestamp NULL DEFAULT NULL COMMENT '报名时间',
  PRIMARY KEY (`id`)
) ENGINE=InnoDB DEFAULT CHARSET=utf8 COMMENT='大赛参赛团队中间表';

/*Data for the table `tb_competition_teams` */

/*Table structure for table `tb_competition_tutors` */

DROP TABLE IF EXISTS `tb_competition_tutors`;

CREATE TABLE `tb_competition_tutors` (
  `id` int(12) NOT NULL AUTO_INCREMENT COMMENT '主键',
  `competition_id` int(11) NOT NULL COMMENT '大赛id',
  `tutor_id` int(11) NOT NULL COMMENT '导师id',
  PRIMARY KEY (`id`)
) ENGINE=InnoDB AUTO_INCREMENT=2 DEFAULT CHARSET=utf8mb4 COMMENT='大赛导师中间表';

/*Data for the table `tb_competition_tutors` */

insert  into `tb_competition_tutors` values (1,1,1);

/*Table structure for table `tb_competitions` */

DROP TABLE IF EXISTS `tb_competitions`;

CREATE TABLE `tb_competitions` (
  `id` int(12) NOT NULL AUTO_INCREMENT COMMENT '主键',
  `name` varchar(30) NOT NULL COMMENT '大赛名称',
  `picture` varchar(80) DEFAULT NULL COMMENT '大赛图片',
  `limit` int(10) NOT NULL DEFAULT '0' COMMENT '人数限制',
  `register` int(10) NOT NULL DEFAULT '0' COMMENT '参赛人数',
  `recommend` tinyint(2) DEFAULT '0' COMMENT '是否推荐',
  `status` tinyint(2) NOT NULL DEFAULT '0' COMMENT '大赛状态',
  `time` datetime DEFAULT NULL COMMENT '大赛时间',
  `begin_time` datetime DEFAULT NULL COMMENT '报名开始时间',
  `end_time` datetime DEFAULT NULL COMMENT '报名结束时间',
  `audit_method` tinyint(2) DEFAULT '0' COMMENT '审核方式',
  `rich_text` text COMMENT '富文本区域',
  PRIMARY KEY (`id`),
  KEY `name` (`name`)
) ENGINE=InnoDB AUTO_INCREMENT=2 DEFAULT CHARSET=utf8 COMMENT='大赛表';

/*Data for the table `tb_competitions` */

insert  into `tb_competitions` values (1,'创业大赛1','/images/20180808/74aa8b6a2762dafcf5cb3f61c626ee94.jpg',100,0,1,1,'2018-10-15 10:00:00','2018-08-01 10:00:00','2018-09-30 19:00:00',0,'&lt;p&gt;测试&lt;/p&gt;');

/*Table structure for table `tb_forums` */

DROP TABLE IF EXISTS `tb_forums`;

CREATE TABLE `tb_forums` (
  `id` int(12) NOT NULL AUTO_INCREMENT COMMENT '活动主键',
  `title` varchar(60) NOT NULL DEFAULT '' COMMENT '论坛标题',
  `content` varchar(255) DEFAULT '' COMMENT '论坛内容',
  `recommend` tinyint(2) DEFAULT '0' COMMENT '是否推荐',
  `picture` varchar(80) DEFAULT '' COMMENT '论坛图片',
  `limit` varchar(50) DEFAULT '' COMMENT '人员限制',
  `register` varchar(40) DEFAULT '0' COMMENT '报名人数',
  `status` tinyint(2) NOT NULL DEFAULT '0' COMMENT '论坛状态',
  `address` varchar(255) DEFAULT '' COMMENT '论坛简写地点',
  `location` varchar(255) DEFAULT NULL COMMENT '论坛详细地址',
  `begin_time` datetime DEFAULT NULL COMMENT '开始时间',
  `end_time` datetime DEFAULT NULL COMMENT '结束时间',
  `apply_time` datetime DEFAULT NULL COMMENT '论坛时间',
  `audit_method` tinyint(2) DEFAULT '0' COMMENT '审核方式',
  `rich_text` text COMMENT '富文本区域',
  PRIMARY KEY (`id`),
  UNIQUE KEY `id` (`id`) USING BTREE
) ENGINE=InnoDB AUTO_INCREMENT=10 DEFAULT CHARSET=utf8 COMMENT='论坛表';

/*Data for the table `tb_forums` */

insert  into `tb_forums` values (1,'县乡会议','召开IT技术大会',1,'/static/images/elliot.jpg','100','10',1,'紫檀祥源','紫檀祥源详细地址','2018-08-05 00:00:00','2018-08-10 00:00:00','2018-08-12 14:30:00',1,'<p>3分钟哔哔一下本周游戏圈大事件！</p>\r\n<p><strong>哔哔1：Steam中国版确认有审核系统！网友：盗版行业要复活？</strong></p>\r\n<p>最近完美世界发布了Steam中国版的招聘职位，其中一项是负责“内容审核系统”，这等于确认了Steam中国版的游戏需要经过审核才能上线，必须符合国内的法规。</p>\r\n<p class=\"p-image\" style=\"text-align: center;\"><img src=\"//i.17173cdn.com/2fhnvk/YWxqaGBf/cms3/mFmqSqbmufjloxw.jpg\" width=\"550\" height=\"309\" alt=\"22-31.jpg\"></p>\r\n<p>相信Steam国内玩家将面临一个大问题，那就是Steam中国版正式上线后，原版是否还能用？目前我们还没有答案。</p>\r\n<p><strong>只有星星没太阳：</strong>仿佛看到未来，盗版举起义旗，打击正版。</p>\r\n<p><strong>WJ王自如：</strong>然后会发现外服上不了了，国服的游戏满满小清新正能量。</p>\r\n<p><strong>阿罩：</strong>大家放心，以后Steam只不过就两个东西不能玩：这也不能玩，那也不能玩。</p>\r\n<p><strong>泰德语风：</strong>魔兽玩家都应该知道，地上一个骷髅头和谐成面粉袋的故事。</p>'),(2,'市县会议','召开落实十九大精神，会议内容很长，主要讲述国家未来发展战略，以及以科学发展观促进农村发展',1,'/static/images/elyse.png','0','120',1,'科海大楼','科海大楼详细地址','2018-03-01 00:00:00','2018-03-14 00:00:00','2018-03-15 15:00:00',0,'<p>3分钟哔哔一下本周游戏圈大事件！</p>\r\n<p><strong>哔哔1：Steam中国版确认有审核系统！网友：盗版行业要复活？</strong></p>\r\n<p>最近完美世界发布了Steam中国版的招聘职位，其中一项是负责“内容审核系统”，这等于确认了Steam中国版的游戏需要经过审核才能上线，必须符合国内的法规。</p>\r\n<p class=\"p-image\" style=\"text-align: center;\"><img src=\"//i.17173cdn.com/2fhnvk/YWxqaGBf/cms3/mFmqSqbmufjloxw.jpg\" width=\"550\" height=\"309\" alt=\"22-31.jpg\"></p>\r\n<p>相信Steam国内玩家将面临一个大问题，那就是Steam中国版正式上线后，原版是否还能用？目前我们还没有答案。</p>\r\n<p><strong>只有星星没太阳：</strong>仿佛看到未来，盗版举起义旗，打击正版。</p>\r\n<p><strong>WJ王自如：</strong>然后会发现外服上不了了，国服的游戏满满小清新正能量。</p>\r\n<p><strong>阿罩：</strong>大家放心，以后Steam只不过就两个东西不能玩：这也不能玩，那也不能玩。</p>\r\n<p><strong>泰德语风：</strong>魔兽玩家都应该知道，地上一个骷髅头和谐成面粉袋的故事。</p>'),(3,'省级会议','召开省级会议，会议内容不要紧，召开省级会议，会议内容不要紧，召开省级会议，会议内容不要紧召开省级会议，会议内容不要紧，召开省级会议，会议内容不要紧',0,'/static/images/jenny.jpg','100','10',1,'百度大楼','百度大楼详细地址','2017-12-01 00:00:00','2018-03-18 00:00:00','2018-03-18 15:00:00',0,'<p>3分钟哔哔一下本周游戏圈大事件！</p>\r\n<p><strong>哔哔1：Steam中国版确认有审核系统！网友：盗版行业要复活？</strong></p>\r\n<p>最近完美世界发布了Steam中国版的招聘职位，其中一项是负责“内容审核系统”，这等于确认了Steam中国版的游戏需要经过审核才能上线，必须符合国内的法规。</p>\r\n<p class=\"p-image\" style=\"text-align: center;\"><img src=\"//i.17173cdn.com/2fhnvk/YWxqaGBf/cms3/mFmqSqbmufjloxw.jpg\" width=\"550\" height=\"309\" alt=\"22-31.jpg\"></p>\r\n<p>相信Steam国内玩家将面临一个大问题，那就是Steam中国版正式上线后，原版是否还能用？目前我们还没有答案。</p>\r\n<p><strong>只有星星没太阳：</strong>仿佛看到未来，盗版举起义旗，打击正版。</p>\r\n<p><strong>WJ王自如：</strong>然后会发现外服上不了了，国服的游戏满满小清新正能量。</p>\r\n<p><strong>阿罩：</strong>大家放心，以后Steam只不过就两个东西不能玩：这也不能玩，那也不能玩。</p>\r\n<p><strong>泰德语风：</strong>魔兽玩家都应该知道，地上一个骷髅头和谐成面粉袋的故事。</p>'),(4,'全国会议','召开全国会议',1,'/static/images/kristy.png','50','6',1,'人民大会堂','人民大会堂详细地址','2019-04-25 00:00:00','2019-09-30 00:00:00','2019-09-30 00:00:00',1,'<p>3分钟哔哔一下本周游戏圈大事件！</p>\r\n<p><strong>哔哔1：Steam中国版确认有审核系统！网友：盗版行业要复活？</strong></p>\r\n<p>最近完美世界发布了Steam中国版的招聘职位，其中一项是负责“内容审核系统”，这等于确认了Steam中国版的游戏需要经过审核才能上线，必须符合国内的法规。</p>\r\n<p class=\"p-image\" style=\"text-align: center;\"><img src=\"//i.17173cdn.com/2fhnvk/YWxqaGBf/cms3/mFmqSqbmufjloxw.jpg\" width=\"550\" height=\"309\" alt=\"22-31.jpg\"></p>\r\n<p>相信Steam国内玩家将面临一个大问题，那就是Steam中国版正式上线后，原版是否还能用？目前我们还没有答案。</p>\r\n<p><strong>只有星星没太阳：</strong>仿佛看到未来，盗版举起义旗，打击正版。</p>\r\n<p><strong>WJ王自如：</strong>然后会发现外服上不了了，国服的游戏满满小清新正能量。</p>\r\n<p><strong>阿罩：</strong>大家放心，以后Steam只不过就两个东西不能玩：这也不能玩，那也不能玩。</p>\r\n<p><strong>泰德语风：</strong>魔兽玩家都应该知道，地上一个骷髅头和谐成面粉袋的故事。</p>'),(5,'世界会议','召开联合国会议',0,'/static/images/matthew.png','10','0',1,'联合国大厦','联合国大厦详细地址','2018-01-31 00:00:00','2018-02-12 00:00:00','2018-03-12 20:00:00',0,'<p>3分钟哔哔一下本周游戏圈大事件！</p>\r\n<p><strong>哔哔1：Steam中国版确认有审核系统！网友：盗版行业要复活？</strong></p>\r\n<p>最近完美世界发布了Steam中国版的招聘职位，其中一项是负责“内容审核系统”，这等于确认了Steam中国版的游戏需要经过审核才能上线，必须符合国内的法规。</p>\r\n<p class=\"p-image\" style=\"text-align: center;\"><img src=\"//i.17173cdn.com/2fhnvk/YWxqaGBf/cms3/mFmqSqbmufjloxw.jpg\" width=\"550\" height=\"309\" alt=\"22-31.jpg\"></p>\r\n<p>相信Steam国内玩家将面临一个大问题，那就是Steam中国版正式上线后，原版是否还能用？目前我们还没有答案。</p>\r\n<p><strong>只有星星没太阳：</strong>仿佛看到未来，盗版举起义旗，打击正版。</p>\r\n<p><strong>WJ王自如：</strong>然后会发现外服上不了了，国服的游戏满满小清新正能量。</p>\r\n<p><strong>阿罩：</strong>大家放心，以后Steam只不过就两个东西不能玩：这也不能玩，那也不能玩。</p>\r\n<p><strong>泰德语风：</strong>魔兽玩家都应该知道，地上一个骷髅头和谐成面粉袋的故事。</p>'),(6,'火星会议','召开火星会议',0,'/static/images/molly.png','0','155',1,'银河系大厦','银河系大厦详细地址','2018-07-07 00:00:00','2018-07-30 00:00:00','2018-08-30 12:00:00',1,'<p>3分钟哔哔一下本周游戏圈大事件！</p>\r\n<p><strong>哔哔1：Steam中国版确认有审核系统！网友：盗版行业要复活？</strong></p>\r\n<p>最近完美世界发布了Steam中国版的招聘职位，其中一项是负责“内容审核系统”，这等于确认了Steam中国版的游戏需要经过审核才能上线，必须符合国内的法规。</p>\r\n<p class=\"p-image\" style=\"text-align: center;\"><img src=\"//i.17173cdn.com/2fhnvk/YWxqaGBf/cms3/mFmqSqbmufjloxw.jpg\" width=\"550\" height=\"309\" alt=\"22-31.jpg\"></p>\r\n<p>相信Steam国内玩家将面临一个大问题，那就是Steam中国版正式上线后，原版是否还能用？目前我们还没有答案。</p>\r\n<p><strong>只有星星没太阳：</strong>仿佛看到未来，盗版举起义旗，打击正版。</p>\r\n<p><strong>WJ王自如：</strong>然后会发现外服上不了了，国服的游戏满满小清新正能量。</p>\r\n<p><strong>阿罩：</strong>大家放心，以后Steam只不过就两个东西不能玩：这也不能玩，那也不能玩。</p>\r\n<p><strong>泰德语风：</strong>魔兽玩家都应该知道，地上一个骷髅头和谐成面粉袋的故事。</p>'),(7,'乡镇会议','召开乡镇会议',1,'/static/images/kristy.png','0','2122',1,'娄庄镇派出所','娄庄镇派出所详细地址','2018-04-25 00:00:00','2018-05-23 00:00:00','2018-08-30 12:00:00',1,'<p>3分钟哔哔一下本周游戏圈大事件！</p>\r\n<p><strong>哔哔1：Steam中国版确认有审核系统！网友：盗版行业要复活？</strong></p>\r\n<p>最近完美世界发布了Steam中国版的招聘职位，其中一项是负责“内容审核系统”，这等于确认了Steam中国版的游戏需要经过审核才能上线，必须符合国内的法规。</p>\r\n<p class=\"p-image\" style=\"text-align: center;\"><img src=\"//i.17173cdn.com/2fhnvk/YWxqaGBf/cms3/mFmqSqbmufjloxw.jpg\" width=\"550\" height=\"309\" alt=\"22-31.jpg\"></p>\r\n<p>相信Steam国内玩家将面临一个大问题，那就是Steam中国版正式上线后，原版是否还能用？目前我们还没有答案。</p>\r\n<p><strong>只有星星没太阳：</strong>仿佛看到未来，盗版举起义旗，打击正版。</p>\r\n<p><strong>WJ王自如：</strong>然后会发现外服上不了了，国服的游戏满满小清新正能量。</p>\r\n<p><strong>阿罩：</strong>大家放心，以后Steam只不过就两个东西不能玩：这也不能玩，那也不能玩。</p>\r\n<p><strong>泰德语风：</strong>魔兽玩家都应该知道，地上一个骷髅头和谐成面粉袋的故事。</p>'),(8,'开发会议','召开开发会议召开开发会议召开开发会议召开开发会议召开开发会议召开开发会议召开开发会议召开开发会议召开开发会议',0,'/static/images/matthew.png','12','0',1,'开发会议室','开发会议室详细地址','2018-06-12 00:00:00','2018-07-20 00:00:00','2018-08-30 12:00:00',0,'<p>3分钟哔哔一下本周游戏圈大事件！</p>\r\n<p><strong>哔哔1：Steam中国版确认有审核系统！网友：盗版行业要复活？</strong></p>\r\n<p>最近完美世界发布了Steam中国版的招聘职位，其中一项是负责“内容审核系统”，这等于确认了Steam中国版的游戏需要经过审核才能上线，必须符合国内的法规。</p>\r\n<p class=\"p-image\" style=\"text-align: center;\"><img src=\"//i.17173cdn.com/2fhnvk/YWxqaGBf/cms3/mFmqSqbmufjloxw.jpg\" width=\"550\" height=\"309\" alt=\"22-31.jpg\"></p>\r\n<p>相信Steam国内玩家将面临一个大问题，那就是Steam中国版正式上线后，原版是否还能用？目前我们还没有答案。</p>\r\n<p><strong>只有星星没太阳：</strong>仿佛看到未来，盗版举起义旗，打击正版。</p>\r\n<p><strong>WJ王自如：</strong>然后会发现外服上不了了，国服的游戏满满小清新正能量。</p>\r\n<p><strong>阿罩：</strong>大家放心，以后Steam只不过就两个东西不能玩：这也不能玩，那也不能玩。</p>\r\n<p><strong>泰德语风：</strong>魔兽玩家都应该知道，地上一个骷髅头和谐成面粉袋的故事。</p>'),(9,'测试会议','召开测试会议，召开测试会议，召开测试会议，召开测试会议',0,'/static/images/elliot.jpg','17','18',1,'测试会议室','测试会议室详细地址','2018-06-12 00:00:00','2018-09-18 00:00:00','2019-08-30 12:00:00',0,'<p>3分钟哔哔一下本周游戏圈大事件！</p>\r\n<p><strong>哔哔1：Steam中国版确认有审核系统！网友：盗版行业要复活？</strong></p>\r\n<p>最近完美世界发布了Steam中国版的招聘职位，其中一项是负责“内容审核系统”，这等于确认了Steam中国版的游戏需要经过审核才能上线，必须符合国内的法规。</p>\r\n<p class=\"p-image\" style=\"text-align: center;\"><img src=\"//i.17173cdn.com/2fhnvk/YWxqaGBf/cms3/mFmqSqbmufjloxw.jpg\" width=\"550\" height=\"309\" alt=\"22-31.jpg\"></p>\r\n<p>相信Steam国内玩家将面临一个大问题，那就是Steam中国版正式上线后，原版是否还能用？目前我们还没有答案。</p>\r\n<p><strong>只有星星没太阳：</strong>仿佛看到未来，盗版举起义旗，打击正版。</p>\r\n<p><strong>WJ王自如：</strong>然后会发现外服上不了了，国服的游戏满满小清新正能量。</p>\r\n<p><strong>阿罩：</strong>大家放心，以后Steam只不过就两个东西不能玩：这也不能玩，那也不能玩。</p>\r\n<p><strong>泰德语风：</strong>魔兽玩家都应该知道，地上一个骷髅头和谐成面粉袋的故事。</p>');

/*Table structure for table `tb_information` */

DROP TABLE IF EXISTS `tb_information`;

CREATE TABLE `tb_information` (
  `id` int(12) NOT NULL AUTO_INCREMENT COMMENT '消息主键',
  `title` varchar(255) NOT NULL DEFAULT '' COMMENT '消息标题',
  `publisher` varchar(30) DEFAULT '' COMMENT '发布人',
  `status` tinyint(2) DEFAULT '0' COMMENT '状态',
  `publish_time` timestamp NULL DEFAULT NULL,
  `richtext` text COMMENT '富文本区域',
  PRIMARY KEY (`id`),
  UNIQUE KEY `id` (`id`)
) ENGINE=InnoDB AUTO_INCREMENT=5 DEFAULT CHARSET=utf8;

/*Data for the table `tb_information` */

insert  into `tb_information` values (1,'最新产业联盟大会即将于2018年13月32号举行','1',0,'2018-08-05 21:53:02','<a>111</a>'),(2,'最新产业联盟大会即将于2028年01月31号举行','2',1,'0000-00-00 00:00:00',NULL),(3,'最新产业联盟大会即将于2038年02月18号举行','1',0,'0000-00-00 00:00:00',NULL),(4,'测试新闻','1',0,'2018-08-06 00:01:02','<p>ceshixia</p>');

/*Table structure for table `tb_investors` */

DROP TABLE IF EXISTS `tb_investors`;

CREATE TABLE `tb_investors` (
  `id` int(12) NOT NULL AUTO_INCREMENT COMMENT '主键',
  `name` varchar(30) NOT NULL COMMENT '姓名',
  `picture` varchar(80) DEFAULT NULL COMMENT '形象图',
  `recommend` tinyint(1) NOT NULL DEFAULT '0' COMMENT '是否推荐',
  `create_time` timestamp NULL DEFAULT NULL COMMENT '创建时间',
  `update_time` timestamp NULL DEFAULT NULL ON UPDATE CURRENT_TIMESTAMP COMMENT '更新时间',
  PRIMARY KEY (`id`)
) ENGINE=InnoDB AUTO_INCREMENT=5 DEFAULT CHARSET=utf8 COMMENT='投资机构表';

/*Data for the table `tb_investors` */

insert  into `tb_investors` values (4,'测试名称','/images/20180809/733145d44f83ead1e7b87d4cee22ebb1.jpg',0,'2018-08-09 17:27:50','2018-08-09 17:27:50');

/*Table structure for table `tb_news` */

DROP TABLE IF EXISTS `tb_news`;

CREATE TABLE `tb_news` (
  `id` int(12) NOT NULL AUTO_INCREMENT COMMENT '主键',
  `title` varchar(60) NOT NULL COMMENT '新闻标题',
  `content` text NOT NULL COMMENT '新闻内容',
  `recommend` tinyint(2) NOT NULL DEFAULT '0' COMMENT '是否推荐',
  `publish_time` timestamp NULL DEFAULT NULL COMMENT '发布时间',
  PRIMARY KEY (`id`)
) ENGINE=InnoDB AUTO_INCREMENT=5 DEFAULT CHARSET=utf8 COMMENT='大赛新闻表';

/*Data for the table `tb_news` */

insert  into `tb_news` values (2,'测试标题2','测试内容2',1,'2018-08-08 17:54:19'),(4,'测试标题','测试内容',0,'2018-08-09 17:26:57');

/*Table structure for table `tb_organizer_groups` */

DROP TABLE IF EXISTS `tb_organizer_groups`;

CREATE TABLE `tb_organizer_groups` (
  `id` int(12) NOT NULL AUTO_INCREMENT COMMENT '主键',
  `name` varchar(30) NOT NULL COMMENT '分组名称',
  PRIMARY KEY (`id`)
) ENGINE=InnoDB AUTO_INCREMENT=2 DEFAULT CHARSET=utf8 COMMENT='组织机构分组表';

/*Data for the table `tb_organizer_groups` */

insert  into `tb_organizer_groups` values (1,'主办方');

/*Table structure for table `tb_organizers` */

DROP TABLE IF EXISTS `tb_organizers`;

CREATE TABLE `tb_organizers` (
  `id` int(12) NOT NULL AUTO_INCREMENT COMMENT '主键',
  `name` varchar(30) NOT NULL COMMENT '名称',
  `group_id` int(11) NOT NULL COMMENT '分组',
  `picture` varchar(80) DEFAULT NULL COMMENT '形象图',
  `recommend` tinyint(2) NOT NULL DEFAULT '0' COMMENT '是否推荐',
  `create_time` timestamp NULL DEFAULT NULL COMMENT '创建时间',
  `update_time` timestamp NULL DEFAULT NULL ON UPDATE CURRENT_TIMESTAMP COMMENT '更新时间',
  PRIMARY KEY (`id`)
) ENGINE=InnoDB AUTO_INCREMENT=2 DEFAULT CHARSET=utf8 COMMENT='组织机构表';

/*Data for the table `tb_organizers` */

insert  into `tb_organizers` values (1,'测试名称',1,NULL,0,NULL,NULL);

/*Table structure for table `tb_permission` */

DROP TABLE IF EXISTS `tb_permission`;

CREATE TABLE `tb_permission` (
  `id` int(11) NOT NULL AUTO_INCREMENT,
  `name` varchar(50) NOT NULL DEFAULT '' COMMENT '权限名称',
  `path` varchar(100) NOT NULL DEFAULT '' COMMENT '权限路径',
  `pid` int(12) DEFAULT NULL COMMENT '父节点',
  `description` varchar(200) NOT NULL DEFAULT '' COMMENT '权限描述',
  `sort` int(12) DEFAULT NULL COMMENT '排序',
  `level` int(12) DEFAULT NULL COMMENT '层次',
  `status` int(1) NOT NULL DEFAULT '0' COMMENT '权限状态',
  `createtime` int(10) NOT NULL DEFAULT '0' COMMENT '创建时间',
  `icon` varchar(18) DEFAULT '',
  PRIMARY KEY (`id`)
) ENGINE=InnoDB AUTO_INCREMENT=52 DEFAULT CHARSET=utf8 COMMENT='权限表';

/*Data for the table `tb_permission` */

insert  into `tb_permission` values (1,'系统管理','/admin/server',0,'系统管理的描述',1,1,1,1533780014,''),(2,'角色管理','/admin/role/rolelist',1,'角色管理的描述',2,2,1,1533780014,''),(3,'角色添加/编辑','/admin/role/add',2,'角色添加/编辑的描述',3,3,1,1533780014,''),(4,'角色删除','/admin/role/delete',2,'角色删除的描述',4,3,1,1533780014,''),(5,'角色获取','/admin/role/detail',2,'角色获取的描述',5,3,1,1533780014,''),(6,'获取用户权限','/admin/role/getrolepermission',2,'获取用户权限的描述',6,3,1,1533780014,''),(7,'修改用户权限','/admin/role/assignrolepermission',2,'修改用户权限的描述',7,3,1,1533780014,''),(8,'管理员管理','/admin/admin/adminlist',1,'管理员管理的描述',8,2,1,1533780014,''),(9,'管理员添加/编辑','/admin/admin/assignuserrole',8,'管理员添加/编辑的描述',9,3,1,1533780014,''),(10,'管理员删除','-',8,'管理员删除的描述',10,3,1,1533780014,''),(11,'管理员获取','/admin/admin/detail',8,'管理员获取的描述',11,3,1,1533780014,''),(12,'权限管理','/admin/permission/nodelist',1,'权限管理的描述',12,2,1,1533780014,''),(13,'权限添加/编辑','/admin/permission/add',12,'权限添加/编辑的描述',13,3,1,1533780014,''),(14,'权限删除','/admin/permission/delete',12,'权限删除的描述',14,3,1,1533780014,''),(15,'权限获取','/admin/permission/detail',12,'权限获取的描述',15,3,1,1533780014,''),(16,'当前用户权限列表','/admin/permission/node',12,'当前用户权限列表的描述',16,3,1,1533780014,''),(17,'轮播管理','/admin/carousel',0,'轮播管理的描述',17,1,1,1533780014,''),(18,'轮播列表','/admin/carousel/carousellist',17,'轮播列表的描述',18,2,1,1533780014,''),(19,'轮播添加/编辑','/admin/carousel/upload',18,'轮播添加/编辑的描述',19,3,1,1533780014,''),(20,'轮播删除','/admin/carousel/delete',18,'轮播删除的描述',20,3,1,1533780014,''),(21,'轮播获取','/admin/carousel/detail',18,'轮播获取的描述',21,3,1,1533780014,''),(22,'沙龙管理','/admin/active',0,'沙龙管理的描述',22,1,1,1533780014,''),(23,'沙龙列表','/admin/active/index',22,'沙龙列表的描述',23,2,1,1533780014,''),(24,'沙龙添加/编辑活动','/admin/active/save',23,'沙龙添加/编辑活动的描述',24,3,1,1533780014,''),(25,'沙龙删除','/admin/active/delete',23,'沙龙删除的描述',25,3,1,1533780014,''),(26,'沙龙获取','/admin/active/detail',23,'沙龙获取的描述',26,3,1,1533780014,''),(27,'沙龙已报名列表','/admin/active/enroll_list',23,'沙龙已报名列表的描述',27,3,1,1533780014,''),(28,'沙龙报名审核','/admin/active/check',23,'沙龙报名审核的描述',28,3,1,1533780014,''),(29,'沙龙回顾','/admin/review/index',22,'沙龙回顾的描述',29,2,1,1533780014,''),(30,'回顾添加/编辑活动','/admin/review/save',29,'回顾添加/编辑活动的描述',30,3,1,1533780014,''),(31,'回顾删除','/admin/active/delete',29,'回顾删除的描述',31,3,1,1533780014,''),(32,'回顾获取','/admin/review/detail',29,'回顾获取的描述',32,3,1,1533780014,''),(33,'服务资源商管理','/admin/service',0,'服务资源商管理的描述',33,1,1,1533780014,''),(34,'服务资源商列表','/admin/service/index',33,'服务资源商列表的描述',34,2,1,1533780014,''),(35,'服务资源商添加/编辑活动','/admin/service/save',34,'服务资源商添加/编辑活动的描述',35,3,1,1533780014,''),(36,'服务资源商删除','/admin/service/delete',34,'服务资源商删除的描述',36,3,1,1533780014,''),(37,'服务资源商获取','/admin/service/detail',34,'服务资源商获取的描述',37,3,1,1533780014,''),(38,'服务资源商分类添加','/admin/category/save',34,'服务资源商分类添加的描述',38,3,1,1533780014,''),(39,'用户管理','/admin/user',0,'用户管理的描述',39,1,1,1533780014,''),(40,'用户列表','/admin/user/userlist',39,'用户列表的描述',40,2,1,1533780014,''),(41,'用户添加/编辑活动','/admin/user/create',40,'用户添加/编辑活动的描述',41,3,1,1533780014,''),(42,'用户删除','/admin/user/delete',40,'用户删除的描述',42,3,1,1533780014,''),(43,'用户获取','/admin/user/detail',40,'用户获取的描述',43,3,1,1533780014,''),(44,'消息管理','/admin/information',0,'消息管理的描述',44,1,1,1533780014,''),(45,'消息列表','/admin/information/index',44,'消息列表的描述',45,2,1,1533780014,''),(46,'消息添加/编辑活动','/admin/information/save',45,'消息添加/编辑活动的描述',46,3,1,1533780014,''),(47,'消息删除','/admin/information/delete',45,'消息删除的描述',47,3,1,1533780014,''),(48,'消息获取','/admin/information/detail',45,'消息获取的描述',48,3,1,1533780014,''),(50,'上传图片','/admin/image/upload',NULL,'',NULL,NULL,0,0,''),(51,'上传图片','/admin/image/upload',NULL,'',NULL,NULL,1,0,'');

/*Table structure for table `tb_review` */

DROP TABLE IF EXISTS `tb_review`;

CREATE TABLE `tb_review` (
  `id` int(12) NOT NULL AUTO_INCREMENT COMMENT '回顾主键',
  `title` varchar(40) DEFAULT '' COMMENT '回顾标题',
  `content` text COMMENT '回顾内容',
  `picture` varchar(255) DEFAULT '' COMMENT '回顾图片',
  `publish_time` timestamp NULL DEFAULT NULL,
  `recommend` tinyint(4) DEFAULT '0' COMMENT '是否推荐',
  `richtext` text COMMENT '富文本区域',
  PRIMARY KEY (`id`),
  UNIQUE KEY `id` (`id`)
) ENGINE=InnoDB AUTO_INCREMENT=7 DEFAULT CHARSET=utf8;

/*Data for the table `tb_review` */

insert  into `tb_review` values (1,'测试Java','测试关于Java的相关api接口和web接口','/static/images/bg1.png','2018-07-24 00:00:00',0,NULL),(2,'测试Python','测试Python相关api接口和web自动化接口，以及关于数据爬虫的使用','/static/images/bg2.png','2018-07-28 00:00:00',1,NULL),(3,'测试PHP','测试PHP相关的api接口和web接口','','2018-08-25 00:00:00',1,NULL),(4,'123123','1231231',NULL,'2018-08-08 14:35:41',0,''),(5,'测试JavaScript脚本','测试JavaScript编写的脚本服务接口','/static/images/bg3.png','2018-08-12 00:00:00',1,NULL),(6,'测试下咯2','正文部分的简介说明','/images/20180807/53c7b13c1d2daf798df65b8dec5f2d76.png','2018-08-07 00:00:00',0,'&lt;div id=&quot;s-290330833&quot;&gt;&lt;h1 data-line=&quot;0&quot; class=&quot;line&quot;&gt;&lt;a id=&quot;_0&quot;&gt;&lt;/a&gt;查询表达式&lt;/h1&gt; &lt;table&gt;&lt;thead&gt;&lt;tr&gt;&lt;th&gt;版本&lt;/th&gt;&lt;th&gt;新增功能&lt;/th&gt;&lt;/tr&gt;&lt;/thead&gt;&lt;tbody&gt;&lt;tr&gt;&lt;td&gt;5.0.9&lt;/td&gt;&lt;td&gt;比较运算增加闭包子查询支持&lt;/td&gt;&lt;/tr&gt;&lt;tr&gt;&lt;td&gt;5.0.4&lt;/td&gt;&lt;td&gt;支持对同一个字段多次调用查询方法&lt;/td&gt;&lt;/tr&gt;&lt;/tbody&gt;&lt;/table&gt; &lt;p&gt;查询表达式支持大部分的SQL查询语法，也是&lt;code&gt;ThinkPHP&lt;/code&gt;查询语言的精髓，查询表达式的使用格式：&lt;/p&gt; &lt;pre&gt;&lt;code&gt;&lt;span class=&quot;hljs-selector-tag&quot;&gt;where&lt;/span&gt;(&lt;span class=&quot;hljs-string&quot;&gt;\'字段名\'&lt;/span&gt;,&lt;span class=&quot;hljs-string&quot;&gt;\'表达式\'&lt;/span&gt;,&lt;span class=&quot;hljs-string&quot;&gt;\'查询条件\'&lt;/span&gt;); &lt;span class=&quot;hljs-selector-tag&quot;&gt;whereOr&lt;/span&gt;(&lt;span class=&quot;hljs-string&quot;&gt;\'字段名\'&lt;/span&gt;,&lt;span class=&quot;hljs-string&quot;&gt;\'表达式\'&lt;/span&gt;,&lt;span class=&quot;hljs-string&quot;&gt;\'查询条件\'&lt;/span&gt;); &lt;/code&gt;&lt;/pre&gt; &lt;p&gt;表达式不分大小写，支持的查询表达式有下面几种，分别表示的含义是：&lt;/p&gt; &lt;table&gt;&lt;thead&gt;&lt;tr&gt;&lt;th&gt;表达式&lt;/th&gt;&lt;th&gt;含义&lt;/th&gt;&lt;/tr&gt;&lt;/thead&gt;&lt;tbody&gt;&lt;tr&gt;&lt;td&gt;EQ、=&lt;/td&gt;&lt;td&gt;等于（=）&lt;/td&gt;&lt;/tr&gt;&lt;tr&gt;&lt;td&gt;NEQ、&amp;lt;&amp;gt;&lt;/td&gt;&lt;td&gt;不等于（&amp;lt;&amp;gt;）&lt;/td&gt;&lt;/tr&gt;&lt;tr&gt;&lt;td&gt;GT、&amp;gt;&lt;/td&gt;&lt;td&gt;大于（&amp;gt;）&lt;/td&gt;&lt;/tr&gt;&lt;tr&gt;&lt;td&gt;EGT、&amp;gt;=&lt;/td&gt;&lt;td&gt;大于等于（&amp;gt;=）&lt;/td&gt;&lt;/tr&gt;&lt;tr&gt;&lt;td&gt;LT、&amp;lt;&lt;/td&gt;&lt;td&gt;小于（&amp;lt;）&lt;/td&gt;&lt;/tr&gt;&lt;tr&gt;&lt;td&gt;ELT、&amp;lt;=&lt;/td&gt;&lt;td&gt;小于等于（&amp;lt;=）&lt;/td&gt;&lt;/tr&gt;&lt;tr&gt;&lt;td&gt;LIKE&lt;/td&gt;&lt;td&gt;模糊查询&lt;/td&gt;&lt;/tr&gt;&lt;tr&gt;&lt;td&gt;[NOT] &lt;span class=&quot;highlight&quot;&gt;BETWEEN&lt;/span&gt;&lt;/td&gt;&lt;td&gt;（不在）区间查询&lt;/td&gt;&lt;/tr&gt;&lt;tr&gt;&lt;td&gt;[NOT] IN&lt;/td&gt;&lt;td&gt;（不在）IN 查询&lt;/td&gt;&lt;/tr&gt;&lt;tr&gt;&lt;td&gt;[NOT] NULL&lt;/td&gt;&lt;td&gt;查询字段是否（不）是NULL&lt;/td&gt;&lt;/tr&gt;&lt;tr&gt;&lt;td&gt;[NOT] EXISTS&lt;/td&gt;&lt;td&gt;EXISTS查询&lt;/td&gt;&lt;/tr&gt;&lt;tr&gt;&lt;td&gt;EXP&lt;/td&gt;&lt;td&gt;表达式查询，支持SQL语法&lt;/td&gt;&lt;/tr&gt;&lt;tr&gt;&lt;td&gt;&amp;gt; time&lt;/td&gt;&lt;td&gt;时间比较&lt;/td&gt;&lt;/tr&gt;&lt;tr&gt;&lt;td&gt;&amp;lt; time&lt;/td&gt;&lt;td&gt;时间比较&lt;/td&gt;&lt;/tr&gt;&lt;tr&gt;&lt;td&gt;&lt;span class=&quot;highlight&quot;&gt;between&lt;/span&gt; time&lt;/td&gt;&lt;td&gt;时间比较&lt;/td&gt;&lt;/tr&gt;&lt;tr&gt;&lt;td&gt;not&lt;span class=&quot;highlight&quot;&gt;between&lt;/span&gt; time&lt;/td&gt;&lt;td&gt;时间比较&lt;/td&gt;&lt;/tr&gt;&lt;/tbody&gt;&lt;/table&gt; &lt;p&gt;表达式查询的用法示例如下：&lt;/p&gt; &lt;h2 data-line=&quot;37&quot; class=&quot;line&quot;&gt;&lt;a id=&quot;EQ__37&quot;&gt;&lt;/a&gt;EQ ：等于（=）&lt;/h2&gt; &lt;p&gt;例如：&lt;/p&gt; &lt;pre&gt;&lt;code&gt;&lt;span class=&quot;hljs-built_in&quot;&gt;where&lt;/span&gt;(&lt;span class=&quot;hljs-string&quot;&gt;\'id\'&lt;/span&gt;,&lt;span class=&quot;hljs-string&quot;&gt;\'eq\'&lt;/span&gt;,100); &lt;span class=&quot;hljs-built_in&quot;&gt;where&lt;/span&gt;(&lt;span class=&quot;hljs-string&quot;&gt;\'id\'&lt;/span&gt;,&lt;span class=&quot;hljs-string&quot;&gt;\'=\'&lt;/span&gt;,100); &lt;/code&gt;&lt;/pre&gt; &lt;p&gt;和下面的查询等效&lt;/p&gt; &lt;pre&gt;&lt;code&gt;&lt;span class=&quot;hljs-keyword&quot;&gt;where&lt;/span&gt;(\'&lt;span class=&quot;hljs-built_in&quot;&gt;id&lt;/span&gt;\',&lt;span class=&quot;hljs-number&quot;&gt;100&lt;/span&gt;); &lt;/code&gt;&lt;/pre&gt; &lt;p&gt;表示的查询条件就是&amp;nbsp;&lt;code&gt;id = 100&lt;/code&gt;&lt;/p&gt; &lt;h2 data-line=&quot;54&quot; class=&quot;line&quot;&gt;&lt;a id=&quot;NEQ__54&quot;&gt;&lt;/a&gt;NEQ： 不等于（&amp;lt;&amp;gt;）&lt;/h2&gt; &lt;p&gt;例如：&lt;/p&gt; &lt;pre&gt;&lt;code&gt;&lt;span class=&quot;hljs-built_in&quot;&gt;where&lt;/span&gt;(&lt;span class=&quot;hljs-string&quot;&gt;\'id\'&lt;/span&gt;,&lt;span class=&quot;hljs-string&quot;&gt;\'neq\'&lt;/span&gt;,100); &lt;span class=&quot;hljs-built_in&quot;&gt;where&lt;/span&gt;(&lt;span class=&quot;hljs-string&quot;&gt;\'id\'&lt;/span&gt;,&lt;span class=&quot;hljs-string&quot;&gt;\'&amp;lt;&amp;gt;\'&lt;/span&gt;,100); &lt;/code&gt;&lt;/pre&gt; &lt;p&gt;表示的查询条件就是&amp;nbsp;&lt;code&gt;id &amp;lt;&amp;gt; 100&lt;/code&gt;&lt;/p&gt; &lt;h2 data-line=&quot;65&quot; class=&quot;line&quot;&gt;&lt;a id=&quot;GT_65&quot;&gt;&lt;/a&gt;GT：大于（&amp;gt;）&lt;/h2&gt; &lt;p&gt;例如：&lt;/p&gt; &lt;pre&gt;&lt;code&gt;&lt;span class=&quot;hljs-built_in&quot;&gt;where&lt;/span&gt;(&lt;span class=&quot;hljs-string&quot;&gt;\'id\'&lt;/span&gt;,&lt;span class=&quot;hljs-string&quot;&gt;\'gt\'&lt;/span&gt;,100); &lt;span class=&quot;hljs-built_in&quot;&gt;where&lt;/span&gt;(&lt;span class=&quot;hljs-string&quot;&gt;\'id\'&lt;/span&gt;,&lt;span class=&quot;hljs-string&quot;&gt;\'&amp;gt;\'&lt;/span&gt;,100); &lt;/code&gt;&lt;/pre&gt; &lt;p&gt;表示的查询条件就是&amp;nbsp;&lt;code&gt;id &amp;gt; 100&lt;/code&gt;&lt;/p&gt; &lt;h2 data-line=&quot;76&quot; class=&quot;line&quot;&gt;&lt;a id=&quot;EGT_76&quot;&gt;&lt;/a&gt;EGT：大于等于（&amp;gt;=）&lt;/h2&gt; &lt;p&gt;例如：&lt;/p&gt; &lt;pre&gt;&lt;code&gt;&lt;span class=&quot;hljs-built_in&quot;&gt;where&lt;/span&gt;(&lt;span class=&quot;hljs-string&quot;&gt;\'id\'&lt;/span&gt;,&lt;span class=&quot;hljs-string&quot;&gt;\'egt\'&lt;/span&gt;,100); &lt;span class=&quot;hljs-built_in&quot;&gt;where&lt;/span&gt;(&lt;span class=&quot;hljs-string&quot;&gt;\'id\'&lt;/span&gt;,&lt;span class=&quot;hljs-string&quot;&gt;\'&amp;gt;=\'&lt;/span&gt;,100); &lt;/code&gt;&lt;/pre&gt; &lt;p&gt;表示的查询条件就是&amp;nbsp;&lt;code&gt;id &amp;gt;= 100&lt;/code&gt;&lt;/p&gt; &lt;h2 data-line=&quot;87&quot; class=&quot;line&quot;&gt;&lt;a id=&quot;LT_87&quot;&gt;&lt;/a&gt;LT：小于（&amp;lt;）&lt;/h2&gt; &lt;p&gt;例如：&lt;/p&gt; &lt;pre&gt;&lt;code&gt;&lt;span class=&quot;hljs-built_in&quot;&gt;where&lt;/span&gt;(&lt;span class=&quot;hljs-string&quot;&gt;\'id\'&lt;/span&gt;,&lt;span class=&quot;hljs-string&quot;&gt;\'lt\'&lt;/span&gt;,100); &lt;span class=&quot;hljs-built_in&quot;&gt;where&lt;/span&gt;(&lt;span class=&quot;hljs-string&quot;&gt;\'id\'&lt;/span&gt;,&lt;span class=&quot;hljs-string&quot;&gt;\'&amp;lt;\'&lt;/span&gt;,100); &lt;/code&gt;&lt;/pre&gt; &lt;p&gt;表示的查询条件就是&amp;nbsp;&lt;code&gt;id &amp;lt; 100&lt;/code&gt;&lt;/p&gt; &lt;h2 data-line=&quot;98&quot; class=&quot;line&quot;&gt;&lt;a id=&quot;ELT__98&quot;&gt;&lt;/a&gt;ELT： 小于等于（&amp;lt;=）&lt;/h2&gt; &lt;p&gt;例如：&lt;/p&gt; &lt;pre&gt;&lt;code&gt;&lt;span class=&quot;hljs-built_in&quot;&gt;where&lt;/span&gt;(&lt;span class=&quot;hljs-string&quot;&gt;\'id\'&lt;/span&gt;,&lt;span class=&quot;hljs-string&quot;&gt;\'elt\'&lt;/span&gt;,100); &lt;span class=&quot;hljs-built_in&quot;&gt;where&lt;/span&gt;(&lt;span class=&quot;hljs-string&quot;&gt;\'id\'&lt;/span&gt;,&lt;span class=&quot;hljs-string&quot;&gt;\'&amp;lt;=\'&lt;/span&gt;,100); &lt;/code&gt;&lt;/pre&gt; &lt;p&gt;表示的查询条件就是&amp;nbsp;&lt;code&gt;id &amp;lt;= 100&lt;/code&gt;&lt;/p&gt; &lt;h2 data-line=&quot;109&quot; class=&quot;line&quot;&gt;&lt;a id=&quot;NOT_LIKE_sqlLIKE_109&quot;&gt;&lt;/a&gt;[NOT] LIKE： 同sql的LIKE&lt;/h2&gt; &lt;p&gt;例如：&lt;/p&gt; &lt;pre&gt;&lt;code&gt;&lt;span class=&quot;hljs-built_in&quot;&gt;where&lt;/span&gt;(&lt;span class=&quot;hljs-string&quot;&gt;\'name\'&lt;/span&gt;,&lt;span class=&quot;hljs-string&quot;&gt;\'like\'&lt;/span&gt;,&lt;span class=&quot;hljs-string&quot;&gt;\'thinkphp%\'&lt;/span&gt;); &lt;/code&gt;&lt;/pre&gt; &lt;p&gt;查询条件就变成&amp;nbsp;&lt;code&gt;name like \'thinkphp%\'&lt;/code&gt;&lt;/p&gt; &lt;p&gt;&lt;code&gt;V5.0.5+&lt;/code&gt;版本开始，like查询支持使用数组&lt;/p&gt; &lt;pre&gt;&lt;code&gt;&lt;span class=&quot;hljs-built_in&quot;&gt;where&lt;/span&gt;(&lt;span class=&quot;hljs-string&quot;&gt;\'name\'&lt;/span&gt;,&lt;span class=&quot;hljs-string&quot;&gt;\'like\'&lt;/span&gt;,[&lt;span class=&quot;hljs-string&quot;&gt;\'%think\'&lt;/span&gt;,&lt;span class=&quot;hljs-string&quot;&gt;\'php%\'&lt;/span&gt;],&lt;span class=&quot;hljs-string&quot;&gt;\'OR\'&lt;/span&gt;); &lt;/code&gt;&lt;/pre&gt; &lt;h2 data-line=&quot;124&quot; class=&quot;line&quot;&gt;&lt;a id=&quot;NOT_BETWEEN_sqlnot_between_124&quot;&gt;&lt;/a&gt;[NOT] &lt;span class=&quot;highlight&quot;&gt;BETWEEN&lt;/span&gt; ：同sql的[not] &lt;span class=&quot;highlight&quot;&gt;between&lt;/span&gt;&lt;/h2&gt; &lt;p&gt;查询条件支持字符串或者数组，例如：&lt;/p&gt; &lt;pre&gt;&lt;code&gt;&lt;span class=&quot;hljs-built_in&quot;&gt;where&lt;/span&gt;(&lt;span class=&quot;hljs-string&quot;&gt;\'id\'&lt;/span&gt;,&lt;span class=&quot;hljs-string&quot;&gt;\'between\'&lt;/span&gt;,&lt;span class=&quot;hljs-string&quot;&gt;\'1,8\'&lt;/span&gt;); &lt;/code&gt;&lt;/pre&gt; &lt;p&gt;和下面的等效：&lt;/p&gt; &lt;pre&gt;&lt;code&gt;&lt;span class=&quot;hljs-keyword&quot;&gt;where&lt;/span&gt;(\'&lt;span class=&quot;hljs-built_in&quot;&gt;id&lt;/span&gt;\',\'&lt;span class=&quot;hljs-keyword&quot;&gt;between&lt;/span&gt;\',[&lt;span class=&quot;hljs-number&quot;&gt;1&lt;/span&gt;,&lt;span class=&quot;hljs-number&quot;&gt;8&lt;/span&gt;]); &lt;/code&gt;&lt;/pre&gt; &lt;p&gt;查询条件就变成&amp;nbsp;&lt;code&gt;id &lt;span class=&quot;highlight&quot;&gt;BETWEEN&lt;/span&gt; 1 AND 8&lt;/code&gt;&lt;/p&gt; &lt;h2 data-line=&quot;140&quot; class=&quot;line&quot;&gt;&lt;a id=&quot;NOT_IN_sqlnot_in_140&quot;&gt;&lt;/a&gt;[NOT] IN： 同sql的[not] in&lt;/h2&gt; &lt;p&gt;查询条件支持字符串或者数组，例如：&lt;/p&gt; &lt;pre&gt;&lt;code&gt;where(&lt;span class=&quot;hljs-symbol&quot;&gt;\'id&lt;/span&gt;&lt;span class=&quot;hljs-string&quot;&gt;\',\'&lt;/span&gt;&lt;span class=&quot;hljs-keyword&quot;&gt;not&lt;/span&gt; &lt;span class=&quot;hljs-keyword&quot;&gt;in&lt;/span&gt;&lt;span class=&quot;hljs-string&quot;&gt;\',\'&lt;/span&gt;&lt;span class=&quot;hljs-number&quot;&gt;1&lt;/span&gt;,&lt;span class=&quot;hljs-number&quot;&gt;5&lt;/span&gt;,&lt;span class=&quot;hljs-number&quot;&gt;8&lt;/span&gt;\'); &lt;/code&gt;&lt;/pre&gt; &lt;p&gt;和下面的等效：&lt;/p&gt; &lt;pre&gt;&lt;code&gt;where(&lt;span class=&quot;hljs-symbol&quot;&gt;\'id&lt;/span&gt;&lt;span class=&quot;hljs-string&quot;&gt;\',\'&lt;/span&gt;&lt;span class=&quot;hljs-keyword&quot;&gt;not&lt;/span&gt; &lt;span class=&quot;hljs-keyword&quot;&gt;in&lt;/span&gt;\',[&lt;span class=&quot;hljs-number&quot;&gt;1&lt;/span&gt;,&lt;span class=&quot;hljs-number&quot;&gt;5&lt;/span&gt;,&lt;span class=&quot;hljs-number&quot;&gt;8&lt;/span&gt;]); &lt;/code&gt;&lt;/pre&gt; &lt;p&gt;查询条件就变成&amp;nbsp;&lt;code&gt;id NOT IN (1,5, 8)&lt;/code&gt;&lt;/p&gt; &lt;blockquote class=&quot;info&quot;&gt;&lt;p&gt;&lt;code&gt;[NOT] IN&lt;/code&gt;查询支持使用闭包方式&lt;/p&gt;&lt;/blockquote&gt; &lt;h2 data-line=&quot;158&quot; class=&quot;line&quot;&gt;&lt;a id=&quot;NOT_NULL__158&quot;&gt;&lt;/a&gt;[NOT] NULL ：&lt;/h2&gt; &lt;p&gt;查询字段是否（不）是&lt;code&gt;Null&lt;/code&gt;，例如：&lt;/p&gt; &lt;pre&gt;&lt;code&gt;&lt;span class=&quot;hljs-keyword&quot;&gt;where&lt;/span&gt;(&lt;span class=&quot;hljs-string&quot;&gt;\'name\'&lt;/span&gt;, &lt;span class=&quot;hljs-literal&quot;&gt;null&lt;/span&gt;); &lt;span class=&quot;hljs-keyword&quot;&gt;where&lt;/span&gt;(&lt;span class=&quot;hljs-string&quot;&gt;\'title\'&lt;/span&gt;,&lt;span class=&quot;hljs-string&quot;&gt;\'null\'&lt;/span&gt;); &lt;span class=&quot;hljs-keyword&quot;&gt;where&lt;/span&gt;(&lt;span class=&quot;hljs-string&quot;&gt;\'name\'&lt;/span&gt;,&lt;span class=&quot;hljs-string&quot;&gt;\'not null\'&lt;/span&gt;); &lt;/code&gt;&lt;/pre&gt; &lt;p&gt;如果你需要查询一个字段的值为字符串&lt;code&gt;null&lt;/code&gt;或者&lt;code&gt;not null&lt;/code&gt;，应该使用：&lt;/p&gt; &lt;pre&gt;&lt;code&gt;&lt;span class=&quot;hljs-built_in&quot;&gt;where&lt;/span&gt;(&lt;span class=&quot;hljs-string&quot;&gt;\'title\'&lt;/span&gt;,&lt;span class=&quot;hljs-string&quot;&gt;\'=\'&lt;/span&gt;, &lt;span class=&quot;hljs-string&quot;&gt;\'null\'&lt;/span&gt;); &lt;span class=&quot;hljs-built_in&quot;&gt;where&lt;/span&gt;(&lt;span class=&quot;hljs-string&quot;&gt;\'name\'&lt;/span&gt;,&lt;span class=&quot;hljs-string&quot;&gt;\'=\'&lt;/span&gt;, &lt;span class=&quot;hljs-string&quot;&gt;\'not null\'&lt;/span&gt;); &lt;/code&gt;&lt;/pre&gt; &lt;h2 data-line=&quot;174&quot; class=&quot;line&quot;&gt;&lt;a id=&quot;EXP_174&quot;&gt;&lt;/a&gt;EXP：表达式&lt;/h2&gt; &lt;p&gt;支持更复杂的查询情况 例如：&lt;/p&gt; &lt;pre&gt;&lt;code&gt;&lt;span class=&quot;hljs-keyword&quot;&gt;where&lt;/span&gt;(&lt;span class=&quot;hljs-symbol&quot;&gt;\'id&lt;/span&gt;&lt;span class=&quot;hljs-string&quot;&gt;\',\'&lt;/span&gt;&lt;span class=&quot;hljs-keyword&quot;&gt;in&lt;/span&gt;&lt;span class=&quot;hljs-string&quot;&gt;\',\'&lt;/span&gt;&lt;span class=&quot;hljs-number&quot;&gt;1&lt;/span&gt;,&lt;span class=&quot;hljs-number&quot;&gt;3&lt;/span&gt;,&lt;span class=&quot;hljs-number&quot;&gt;8&lt;/span&gt;\'); &lt;/code&gt;&lt;/pre&gt; &lt;p&gt;可以改成：&lt;/p&gt; &lt;pre&gt;&lt;code&gt;where(&lt;span class=&quot;hljs-symbol&quot;&gt;\'id&lt;/span&gt;&lt;span class=&quot;hljs-string&quot;&gt;\',\'&lt;/span&gt;exp&lt;span class=&quot;hljs-string&quot;&gt;\',\'&lt;/span&gt; &lt;span class=&quot;hljs-keyword&quot;&gt;IN&lt;/span&gt; (&lt;span class=&quot;hljs-number&quot;&gt;1&lt;/span&gt;,&lt;span class=&quot;hljs-number&quot;&gt;3&lt;/span&gt;,&lt;span class=&quot;hljs-number&quot;&gt;8&lt;/span&gt;) \'); &lt;/code&gt;&lt;/pre&gt; &lt;p&gt;&lt;code&gt;exp&lt;/code&gt;查询的条件不会被当成字符串，所以后面的查询条件可以使用任何SQL支持的语法，包括使用函数和字段名称。&lt;/p&gt; &lt;/div&gt;');

/*Table structure for table `tb_role` */

DROP TABLE IF EXISTS `tb_role`;

CREATE TABLE `tb_role` (
  `id` int(12) NOT NULL AUTO_INCREMENT,
  `name` varchar(50) NOT NULL DEFAULT '' COMMENT '角色名称',
  `parent_id` int(12) NOT NULL DEFAULT '0' COMMENT '父角色id',
  `description` varchar(200) NOT NULL DEFAULT '' COMMENT '描述信息',
  `status` int(1) NOT NULL DEFAULT '0' COMMENT '角色状态',
  `sort_num` int(11) NOT NULL DEFAULT '0' COMMENT '排序值',
  `left_key` int(11) NOT NULL DEFAULT '0' COMMENT '用来组织关系的左值',
  `right_key` int(11) NOT NULL DEFAULT '0' COMMENT '用来组织关系的右值',
  `createtime` timestamp NULL DEFAULT NULL,
  `updatetime` timestamp NULL DEFAULT NULL,
  `level` int(11) NOT NULL DEFAULT '0' COMMENT '所处层级',
  PRIMARY KEY (`id`)
) ENGINE=InnoDB AUTO_INCREMENT=4 DEFAULT CHARSET=utf8 COMMENT='角色';

/*Data for the table `tb_role` */

insert  into `tb_role` values (1,'超级管理员',0,'商品管理员负责商品的查看修改删除等操作',1,10,13,14,NULL,'0000-00-00 00:00:00',1),(2,'管理员',0,'商品管理员负责财产的查看修改删除等操作',0,10,11,12,NULL,'0000-00-00 00:00:00',1),(3,'会员',0,'商品管理员负责宝物的查看修改删除等操作',1,10,9,10,NULL,'0000-00-00 00:00:00',1);

/*Table structure for table `tb_role_permission` */

DROP TABLE IF EXISTS `tb_role_permission`;

CREATE TABLE `tb_role_permission` (
  `role_id` int(11) NOT NULL DEFAULT '0' COMMENT '角色Id',
  `permission_id` int(11) NOT NULL DEFAULT '0' COMMENT '权限ID',
  PRIMARY KEY (`role_id`,`permission_id`)
) ENGINE=InnoDB DEFAULT CHARSET=utf8 COMMENT='角色权限对应表';

/*Data for the table `tb_role_permission` */

insert  into `tb_role_permission` values (1,1),(1,2),(1,3),(1,4),(1,5),(1,6),(1,7),(1,8),(1,9),(1,10),(1,11),(1,12),(1,13),(1,14),(1,15),(1,16),(1,17),(1,18),(1,19),(1,20),(1,21),(1,22),(1,23),(1,24),(1,25),(1,26),(1,27),(1,28),(1,29),(1,30),(1,31),(1,32),(1,33),(1,34),(1,35),(1,36),(1,37),(1,38),(1,39),(1,40),(1,41),(1,42),(1,43),(1,44),(1,45),(1,46),(1,47),(1,48),(1,49),(1,51);

/*Table structure for table `tb_service` */

DROP TABLE IF EXISTS `tb_service`;

CREATE TABLE `tb_service` (
  `id` int(12) NOT NULL AUTO_INCREMENT COMMENT '服务主键',
  `name` varchar(60) NOT NULL DEFAULT '' COMMENT '服务名称',
  `description` varchar(255) NOT NULL DEFAULT '' COMMENT '服务描述',
  `picture` varchar(255) DEFAULT '' COMMENT '服务图片',
  `category_id` int(12) NOT NULL DEFAULT '0' COMMENT '所属类别',
  `price` int(80) NOT NULL DEFAULT '0' COMMENT '服务价格',
  `recommend` tinyint(2) DEFAULT '0' COMMENT '服务推荐:0表示不推荐，1表示推荐',
  `status` tinyint(2) DEFAULT '0' COMMENT '服务状态',
  `address` varchar(255) DEFAULT '' COMMENT '联系地址',
  `create_time` datetime DEFAULT NULL COMMENT '创建时间',
  `update_time` datetime DEFAULT NULL COMMENT '更新时间',
  `publish_time` datetime DEFAULT NULL COMMENT '发布时间',
  `rich_text` text COMMENT '富文本区域',
  PRIMARY KEY (`id`),
  UNIQUE KEY `id` (`id`),
  KEY `fk_service_category` (`category_id`),
  CONSTRAINT `fk_service_category` FOREIGN KEY (`category_id`) REFERENCES `tb_category` (`id`)
) ENGINE=InnoDB AUTO_INCREMENT=16 DEFAULT CHARSET=utf8;

/*Data for the table `tb_service` */

insert  into `tb_service` values (1,'写字服务','这是使用人工智能技术提供写字服务，伴你一生便携式书写','/static/images/jenny.jpg',1,189,1,1,'http://wpa.qq.com/msgrd?v=3&uin=&site=qq&menu=yes',NULL,NULL,'2018-08-07 10:27:04','<p><strong style=\"text-indent: 2em;\">哔哔2：拳头透露下一款大作情报！网友：充值2万打底！</strong></p>\r\n<p>LOL已经发布9年，但拳头公司何时才会推出下一款大作却一直没有消息。不过最近拳头创始人Merrill在接受外媒采访时表示，新的大作已经在研发中，而且这款游戏不会是大众游戏。</p>\r\n<p class=\"p-image\" style=\"text-align: center;\"><img src=\"//i.17173cdn.com/2fhnvk/YWxqaGBf/cms3/PwlPgvbmufjlluE.jpg\" width=\"600\" height=\"323\" alt=\"timg.jpg\"></p>\r\n<p>“我们要做的是满足特定用户需求的游戏，而且是玩法优先，然后IP需要和游戏本身贴合，我们不会做大众游戏，就像当时做LOL也是为了一小部分玩家的需求一样”，Merrill说。</p>\r\n<p class=\"p-image\" style=\"text-align: center;\"><img src=\"//i.17173cdn.com/2fhnvk/YWxqaGBf/cms3/qpLJMKbmufjllud.jpg\" width=\"550\" height=\"363\" alt=\"tim2g.jpg\"><br>↑↑拳头游戏创始人之一的Marc Merrill（右）</p>\r\n<p>那么问题来了：你期待拳头公司的新游戏吗？你觉得会是什么类型呢？</p>\r\n<p><strong>BoYellow炜：</strong>英雄联盟宇宙出了，做个mmo完全没问题！</p>\r\n<p><strong>电动小马达：</strong>我觉得不如做些有剧情有机制的pve和pvp地图，打起来比千篇一律的对战有意思多了，顺便期待水晶之痕还有星之守护者地图的回归。</p>\r\n<p><strong>黄油作品赏析：</strong>新游戏？《提莫的一百种死法》应该会有不少人玩。</p>\r\n<p><strong>hCcCcCcCcco：</strong>出了充值两万打底！期待啊！拳头大作！</p>'),(2,'读书服务','这是使用最新的大数据分析技术提供的读书服务','/static/images/elyse.png',2,1223,0,1,'http://wpa.qq.com/msgrd?v=3&uin=&site=qq&menu=yes',NULL,NULL,'2018-08-07 10:27:04','<p><strong style=\"text-indent: 2em;\">哔哔2：拳头透露下一款大作情报！网友：充值2万打底！</strong></p>\r\n<p>LOL已经发布9年，但拳头公司何时才会推出下一款大作却一直没有消息。不过最近拳头创始人Merrill在接受外媒采访时表示，新的大作已经在研发中，而且这款游戏不会是大众游戏。</p>\r\n<p class=\"p-image\" style=\"text-align: center;\"><img src=\"//i.17173cdn.com/2fhnvk/YWxqaGBf/cms3/PwlPgvbmufjlluE.jpg\" width=\"600\" height=\"323\" alt=\"timg.jpg\"></p>\r\n<p>“我们要做的是满足特定用户需求的游戏，而且是玩法优先，然后IP需要和游戏本身贴合，我们不会做大众游戏，就像当时做LOL也是为了一小部分玩家的需求一样”，Merrill说。</p>\r\n<p class=\"p-image\" style=\"text-align: center;\"><img src=\"//i.17173cdn.com/2fhnvk/YWxqaGBf/cms3/qpLJMKbmufjllud.jpg\" width=\"550\" height=\"363\" alt=\"tim2g.jpg\"><br>↑↑拳头游戏创始人之一的Marc Merrill（右）</p>\r\n<p>那么问题来了：你期待拳头公司的新游戏吗？你觉得会是什么类型呢？</p>\r\n<p><strong>BoYellow炜：</strong>英雄联盟宇宙出了，做个mmo完全没问题！</p>\r\n<p><strong>电动小马达：</strong>我觉得不如做些有剧情有机制的pve和pvp地图，打起来比千篇一律的对战有意思多了，顺便期待水晶之痕还有星之守护者地图的回归。</p>\r\n<p><strong>黄油作品赏析：</strong>新游戏？《提莫的一百种死法》应该会有不少人玩。</p>\r\n<p><strong>hCcCcCcCcco：</strong>出了充值两万打底！期待啊！拳头大作！</p>'),(3,'刷牙服务','这是中国最新科研成果，为未来懒人提供便捷服务','/static/images/jenny.jpg',3,58,1,1,'http://wpa.qq.com/msgrd?v=3&uin=&site=qq&menu=yes',NULL,NULL,'2018-08-07 10:27:04','<p><strong style=\"text-indent: 2em;\">哔哔2：拳头透露下一款大作情报！网友：充值2万打底！</strong></p>\r\n<p>LOL已经发布9年，但拳头公司何时才会推出下一款大作却一直没有消息。不过最近拳头创始人Merrill在接受外媒采访时表示，新的大作已经在研发中，而且这款游戏不会是大众游戏。</p>\r\n<p class=\"p-image\" style=\"text-align: center;\"><img src=\"//i.17173cdn.com/2fhnvk/YWxqaGBf/cms3/PwlPgvbmufjlluE.jpg\" width=\"600\" height=\"323\" alt=\"timg.jpg\"></p>\r\n<p>“我们要做的是满足特定用户需求的游戏，而且是玩法优先，然后IP需要和游戏本身贴合，我们不会做大众游戏，就像当时做LOL也是为了一小部分玩家的需求一样”，Merrill说。</p>\r\n<p class=\"p-image\" style=\"text-align: center;\"><img src=\"//i.17173cdn.com/2fhnvk/YWxqaGBf/cms3/qpLJMKbmufjllud.jpg\" width=\"550\" height=\"363\" alt=\"tim2g.jpg\"><br>↑↑拳头游戏创始人之一的Marc Merrill（右）</p>\r\n<p>那么问题来了：你期待拳头公司的新游戏吗？你觉得会是什么类型呢？</p>\r\n<p><strong>BoYellow炜：</strong>英雄联盟宇宙出了，做个mmo完全没问题！</p>\r\n<p><strong>电动小马达：</strong>我觉得不如做些有剧情有机制的pve和pvp地图，打起来比千篇一律的对战有意思多了，顺便期待水晶之痕还有星之守护者地图的回归。</p>\r\n<p><strong>黄油作品赏析：</strong>新游戏？《提莫的一百种死法》应该会有不少人玩。</p>\r\n<p><strong>hCcCcCcCcco：</strong>出了充值两万打底！期待啊！拳头大作！</p>'),(4,'洗衣服服务','这是采用高科技纳米技术，衣服从此以后再也不用担心被弄脏了','/static/images/molly.png',4,245,0,1,'http://wpa.qq.com/msgrd?v=3&uin=&site=qq&menu=yes',NULL,NULL,'2018-08-07 10:27:04','<p><strong style=\"text-indent: 2em;\">哔哔2：拳头透露下一款大作情报！网友：充值2万打底！</strong></p>\r\n<p>LOL已经发布9年，但拳头公司何时才会推出下一款大作却一直没有消息。不过最近拳头创始人Merrill在接受外媒采访时表示，新的大作已经在研发中，而且这款游戏不会是大众游戏。</p>\r\n<p class=\"p-image\" style=\"text-align: center;\"><img src=\"//i.17173cdn.com/2fhnvk/YWxqaGBf/cms3/PwlPgvbmufjlluE.jpg\" width=\"600\" height=\"323\" alt=\"timg.jpg\"></p>\r\n<p>“我们要做的是满足特定用户需求的游戏，而且是玩法优先，然后IP需要和游戏本身贴合，我们不会做大众游戏，就像当时做LOL也是为了一小部分玩家的需求一样”，Merrill说。</p>\r\n<p class=\"p-image\" style=\"text-align: center;\"><img src=\"//i.17173cdn.com/2fhnvk/YWxqaGBf/cms3/qpLJMKbmufjllud.jpg\" width=\"550\" height=\"363\" alt=\"tim2g.jpg\"><br>↑↑拳头游戏创始人之一的Marc Merrill（右）</p>\r\n<p>那么问题来了：你期待拳头公司的新游戏吗？你觉得会是什么类型呢？</p>\r\n<p><strong>BoYellow炜：</strong>英雄联盟宇宙出了，做个mmo完全没问题！</p>\r\n<p><strong>电动小马达：</strong>我觉得不如做些有剧情有机制的pve和pvp地图，打起来比千篇一律的对战有意思多了，顺便期待水晶之痕还有星之守护者地图的回归。</p>\r\n<p><strong>黄油作品赏析：</strong>新游戏？《提莫的一百种死法》应该会有不少人玩。</p>\r\n<p><strong>hCcCcCcCcco：</strong>出了充值两万打底！期待啊！拳头大作！</p>'),(5,'购买服务','这是采用最新语音识别技术，能够快速的根据您的需求购买您需要的商品','/static/images/elyse.png',2,687,0,1,'http://wpa.qq.com/msgrd?v=3&uin=&site=qq&menu=yes',NULL,NULL,'2018-08-07 10:27:04','<p><strong style=\"text-indent: 2em;\">哔哔2：拳头透露下一款大作情报！网友：充值2万打底！</strong></p>\r\n<p>LOL已经发布9年，但拳头公司何时才会推出下一款大作却一直没有消息。不过最近拳头创始人Merrill在接受外媒采访时表示，新的大作已经在研发中，而且这款游戏不会是大众游戏。</p>\r\n<p class=\"p-image\" style=\"text-align: center;\"><img src=\"//i.17173cdn.com/2fhnvk/YWxqaGBf/cms3/PwlPgvbmufjlluE.jpg\" width=\"600\" height=\"323\" alt=\"timg.jpg\"></p>\r\n<p>“我们要做的是满足特定用户需求的游戏，而且是玩法优先，然后IP需要和游戏本身贴合，我们不会做大众游戏，就像当时做LOL也是为了一小部分玩家的需求一样”，Merrill说。</p>\r\n<p class=\"p-image\" style=\"text-align: center;\"><img src=\"//i.17173cdn.com/2fhnvk/YWxqaGBf/cms3/qpLJMKbmufjllud.jpg\" width=\"550\" height=\"363\" alt=\"tim2g.jpg\"><br>↑↑拳头游戏创始人之一的Marc Merrill（右）</p>\r\n<p>那么问题来了：你期待拳头公司的新游戏吗？你觉得会是什么类型呢？</p>\r\n<p><strong>BoYellow炜：</strong>英雄联盟宇宙出了，做个mmo完全没问题！</p>\r\n<p><strong>电动小马达：</strong>我觉得不如做些有剧情有机制的pve和pvp地图，打起来比千篇一律的对战有意思多了，顺便期待水晶之痕还有星之守护者地图的回归。</p>\r\n<p><strong>黄油作品赏析：</strong>新游戏？《提莫的一百种死法》应该会有不少人玩。</p>\r\n<p><strong>hCcCcCcCcco：</strong>出了充值两万打底！期待啊！拳头大作！</p>'),(6,'穿鞋服务','这是采用精准的红外线探测头技术，准确的找到你的鞋子所摆放的位置','/static/images/elyse.png',5,345,1,1,'http://wpa.qq.com/msgrd?v=3&uin=&site=qq&menu=yes',NULL,NULL,'2018-08-07 10:27:04','<p><strong style=\"text-indent: 2em;\">哔哔2：拳头透露下一款大作情报！网友：充值2万打底！</strong></p>\r\n<p>LOL已经发布9年，但拳头公司何时才会推出下一款大作却一直没有消息。不过最近拳头创始人Merrill在接受外媒采访时表示，新的大作已经在研发中，而且这款游戏不会是大众游戏。</p>\r\n<p class=\"p-image\" style=\"text-align: center;\"><img src=\"//i.17173cdn.com/2fhnvk/YWxqaGBf/cms3/PwlPgvbmufjlluE.jpg\" width=\"600\" height=\"323\" alt=\"timg.jpg\"></p>\r\n<p>“我们要做的是满足特定用户需求的游戏，而且是玩法优先，然后IP需要和游戏本身贴合，我们不会做大众游戏，就像当时做LOL也是为了一小部分玩家的需求一样”，Merrill说。</p>\r\n<p class=\"p-image\" style=\"text-align: center;\"><img src=\"//i.17173cdn.com/2fhnvk/YWxqaGBf/cms3/qpLJMKbmufjllud.jpg\" width=\"550\" height=\"363\" alt=\"tim2g.jpg\"><br>↑↑拳头游戏创始人之一的Marc Merrill（右）</p>\r\n<p>那么问题来了：你期待拳头公司的新游戏吗？你觉得会是什么类型呢？</p>\r\n<p><strong>BoYellow炜：</strong>英雄联盟宇宙出了，做个mmo完全没问题！</p>\r\n<p><strong>电动小马达：</strong>我觉得不如做些有剧情有机制的pve和pvp地图，打起来比千篇一律的对战有意思多了，顺便期待水晶之痕还有星之守护者地图的回归。</p>\r\n<p><strong>黄油作品赏析：</strong>新游戏？《提莫的一百种死法》应该会有不少人玩。</p>\r\n<p><strong>hCcCcCcCcco：</strong>出了充值两万打底！期待啊！拳头大作！</p>'),(13,'测试','简介',NULL,2,520,0,0,'www.qq.com',NULL,NULL,'2018-08-08 19:21:40','&lt;h1&gt;我是小学生&lt;/h1&gt;&lt;p&gt;&lt;br&gt;&lt;/p&gt;&lt;h1&gt;我是小学生&lt;/h1&gt;&lt;p&gt;&lt;br&gt;&lt;/p&gt;&lt;h2&gt;&lt;a href=&quot;www.baidu.com&quot; target=&quot;_blank&quot;&gt;我不是小学生&lt;/a&gt;&lt;/h2&gt;'),(14,'好东西','1212',NULL,3,123,1,0,'www',NULL,NULL,'2018-08-08 19:33:12',''),(15,'好东西','1212',NULL,3,123,0,0,'www',NULL,NULL,'2018-08-08 19:48:50','');

/*Table structure for table `tb_sps` */

DROP TABLE IF EXISTS `tb_sps`;

CREATE TABLE `tb_sps` (
  `id` int(12) NOT NULL AUTO_INCREMENT COMMENT '主键',
  `name` varchar(30) NOT NULL COMMENT '名称',
  `picture` varchar(80) DEFAULT NULL COMMENT '形象图',
  `recommend` tinyint(2) NOT NULL DEFAULT '0' COMMENT '是否推荐',
  `create_time` timestamp NULL DEFAULT NULL COMMENT '创建时间',
  `update_time` timestamp NULL DEFAULT NULL ON UPDATE CURRENT_TIMESTAMP COMMENT '更新时间',
  PRIMARY KEY (`id`)
) ENGINE=InnoDB AUTO_INCREMENT=3 DEFAULT CHARSET=utf8 COMMENT='服务商表';

/*Data for the table `tb_sps` */

insert  into `tb_sps` values (1,'测试服务商名称','/images/20180809/4b5d5734e8a6dc16c2ac744d6bd6f177.jpg',0,NULL,'2018-08-09 12:42:40'),(2,'测试名称',NULL,0,'2018-08-09 12:41:32','2018-08-09 12:41:32');

/*Table structure for table `tb_teams` */

DROP TABLE IF EXISTS `tb_teams`;

CREATE TABLE `tb_teams` (
  `id` int(12) NOT NULL AUTO_INCREMENT,
  `project_name` varchar(50) NOT NULL COMMENT '项目名称',
  `project_area` varchar(80) NOT NULL COMMENT '项目领域',
  `content` varchar(255) NOT NULL COMMENT '项目介绍',
  `company` varchar(60) NOT NULL COMMENT '公司机构名称',
  `register` int(10) NOT NULL COMMENT '团队人数',
  `picture` varchar(80) DEFAULT NULL COMMENT '团队形象图',
  `city_id` int(10) NOT NULL COMMENT '所在城市',
  `province_id` int(10) NOT NULL COMMENT '所在省份',
  `username` varchar(30) NOT NULL COMMENT '姓名',
  `mobile` varchar(11) NOT NULL COMMENT '手机号',
  `video` varchar(80) DEFAULT NULL COMMENT '路演视频地址',
  `business_plan` varchar(80) DEFAULT NULL COMMENT '商业计划书',
  PRIMARY KEY (`id`)
) ENGINE=InnoDB DEFAULT CHARSET=utf8 COMMENT='参赛团队表';

/*Data for the table `tb_teams` */

/*Table structure for table `tb_tutors` */

DROP TABLE IF EXISTS `tb_tutors`;

CREATE TABLE `tb_tutors` (
  `id` int(12) NOT NULL AUTO_INCREMENT COMMENT '主键',
  `name` varchar(30) NOT NULL COMMENT '姓名',
  `introduction` varchar(255) DEFAULT NULL COMMENT '简介',
  `picture` varchar(80) CHARACTER SET utf8mb4 DEFAULT NULL COMMENT '形象图',
  `recommend` tinyint(2) NOT NULL DEFAULT '0' COMMENT '是否推荐',
  `create_time` timestamp NULL DEFAULT NULL COMMENT '创建时间',
  `update_time` timestamp NULL DEFAULT NULL ON UPDATE CURRENT_TIMESTAMP COMMENT '更新时间',
  PRIMARY KEY (`id`)
) ENGINE=InnoDB AUTO_INCREMENT=2 DEFAULT CHARSET=utf8 COMMENT='创业导师表';

/*Data for the table `tb_tutors` */

insert  into `tb_tutors` values (1,'导师1','来自阿里','/images/20180809/abf4e8fedd8d0242b7ea6feb8d751ea5.jpg',0,NULL,NULL);

/*Table structure for table `tb_user` */

DROP TABLE IF EXISTS `tb_user`;

CREATE TABLE `tb_user` (
  `id` int(12) NOT NULL AUTO_INCREMENT COMMENT '主键',
  `username` varchar(30) DEFAULT '' COMMENT '姓名',
  `password` varchar(40) DEFAULT '' COMMENT '密码',
  `mobile` varchar(40) DEFAULT NULL COMMENT '手机账号',
  `email` varchar(30) DEFAULT '' COMMENT '电子邮件',
  `company` varchar(48) DEFAULT '' COMMENT '公司',
  `career` varchar(30) DEFAULT '' COMMENT '职业',
  `occupation` varchar(23) DEFAULT '' COMMENT '行业',
  `status` tinyint(4) DEFAULT '0' COMMENT '状态',
  `register_time` datetime DEFAULT NULL COMMENT '注册时间',
  `update_time` datetime DEFAULT NULL COMMENT '更新时间',
  `login_time` datetime DEFAULT NULL COMMENT '登录时间',
  `login_ip` varchar(38) DEFAULT '' COMMENT '最后登录IP',
  PRIMARY KEY (`id`),
  UNIQUE KEY `id` (`id`),
  UNIQUE KEY `mobile` (`mobile`)
) ENGINE=InnoDB AUTO_INCREMENT=19 DEFAULT CHARSET=utf8;

/*Data for the table `tb_user` */

insert  into `tb_user` values (1,'znlccy','e35cf7b66449df565f93c607d5a81d09','15900795242','752255448@qq.com','上海游达网络科技有限公司','Java开发','IT行业',0,'0000-00-00 00:00:00',NULL,'0000-00-00 00:00:00','127.0.0.1'),(2,'','a5dafec32f5fa8a644f94a1ba32dfbb4','15900785382','','','','',0,'0000-00-00 00:00:00',NULL,'0000-00-00 00:00:00',''),(3,'张三丰','7eadafc40e72c85d36be5edcb7a7368d','15900785383','12345678@qq.com','上海游达网络科技邮箱公司','Java架构师','IT软件行业',0,'0000-00-00 00:00:00',NULL,'0000-00-00 00:00:00','127.0.0.1'),(4,'','a5dafec32f5fa8a644f94a1ba32dfbb4','15001056491','','','','',0,'0000-00-00 00:00:00',NULL,'0000-00-00 00:00:00',''),(6,'','220466675e31b9d20c051d5e57974150','18915542276','','','','',0,'0000-00-00 00:00:00',NULL,NULL,''),(7,'','554b87ed693d97518fb73869f36e4dba','18915542277','','','','',0,'0000-00-00 00:00:00',NULL,NULL,''),(8,'guo jun','52030ea4ad1ef3ba886605eec0c6a5ad','18915542275','1@1.com','1','2','3',0,'0000-00-00 00:00:00',NULL,'0000-00-00 00:00:00','222.71.239.112'),(9,'于东','25d55ad283aa400af464c76d713c07ad','18237177660','ycplay@qq.com','上海游达','5','60303',0,'0000-00-00 00:00:00',NULL,NULL,''),(13,'过骏','65235524','18915542280','4922@q.com','1212','1','1',0,'2018-08-08 15:12:34',NULL,NULL,''),(15,'过骏2','652355241','18915542281','4922@q.com','1212','1','1',0,'2018-08-08 15:14:26',NULL,NULL,''),(17,'1123123','3dbe00a167653a1aaee01d93e77e730e','18915542312','123@q.com','1','1','1',0,'2018-08-08 16:09:42',NULL,NULL,''),(18,'11231234444','3dbe00a167653a1aaee01d93e77e730e','18915542311','12443@q.com','14','2','2',0,'2018-08-08 16:12:09',NULL,NULL,'');

/*Table structure for table `tb_user_active` */

DROP TABLE IF EXISTS `tb_user_active`;

CREATE TABLE `tb_user_active` (
  `id` int(12) NOT NULL AUTO_INCREMENT COMMENT '主键',
  `user_id` int(12) DEFAULT NULL COMMENT '用户主键',
  `active_id` int(12) DEFAULT NULL COMMENT '活动主键',
  `status` tinyint(2) DEFAULT '0' COMMENT '报名状态',
  `register_time` datetime DEFAULT NULL COMMENT '报名时间',
  `username` varchar(30) DEFAULT NULL COMMENT '姓名',
  `mobile` varchar(11) DEFAULT NULL COMMENT '手机号',
  `email` varchar(30) DEFAULT NULL COMMENT '邮箱',
  `career` varchar(30) DEFAULT NULL COMMENT '行业',
  `occupation` varchar(23) DEFAULT NULL COMMENT '职业',
  `company` varchar(40) DEFAULT NULL COMMENT '公司',
  PRIMARY KEY (`id`)
) ENGINE=InnoDB AUTO_INCREMENT=12 DEFAULT CHARSET=utf8;

/*Data for the table `tb_user_active` */

insert  into `tb_user_active` values (1,1,2,0,NULL,NULL,NULL,NULL,NULL,NULL,NULL),(2,1,3,1,NULL,NULL,NULL,NULL,NULL,NULL,NULL),(3,1,5,1,NULL,NULL,NULL,NULL,NULL,NULL,NULL),(10,6,1,1,'2018-08-05 23:51:13','guojun','18915542276','131@q.com','11','22','33'),(11,6,1,1,'2018-08-05 23:51:13','guojun','18915542276','131@q.com','11','22','33');

/*Table structure for table `tb_user_forums` */

DROP TABLE IF EXISTS `tb_user_forums`;

CREATE TABLE `tb_user_forums` (
  `id` int(12) NOT NULL AUTO_INCREMENT COMMENT '主键',
  `user_id` int(12) DEFAULT NULL COMMENT '用户主键',
  `forum_id` int(12) DEFAULT NULL COMMENT '论坛主键',
  `status` tinyint(2) DEFAULT '0' COMMENT '报名状态',
  `register_time` datetime DEFAULT NULL COMMENT '报名时间',
  `username` varchar(30) DEFAULT NULL COMMENT '姓名',
  `mobile` varchar(11) DEFAULT NULL COMMENT '手机号',
  `email` varchar(30) DEFAULT NULL COMMENT '邮箱',
  `career` varchar(30) DEFAULT NULL COMMENT '行业',
  `occupation` varchar(23) DEFAULT NULL COMMENT '职业',
  `company` varchar(40) DEFAULT NULL COMMENT '公司',
  PRIMARY KEY (`id`)
) ENGINE=InnoDB DEFAULT CHARSET=utf8 COMMENT='报名论坛用户表';

/*Data for the table `tb_user_forums` */

/*Table structure for table `tb_user_information` */

DROP TABLE IF EXISTS `tb_user_information`;

CREATE TABLE `tb_user_information` (
  `userid` int(12) NOT NULL COMMENT '用户主键',
  `infoid` int(12) NOT NULL COMMENT '消息主键',
  `status` tinyint(2) DEFAULT '0' COMMENT '状态',
  PRIMARY KEY (`userid`,`infoid`) USING BTREE
) ENGINE=InnoDB DEFAULT CHARSET=utf8;

/*Data for the table `tb_user_information` */

insert  into `tb_user_information` values (1,1,1),(3,1,1),(5,1,1),(6,1,1),(6,2,1),(9,1,1),(9,2,1),(9,3,1),(9,4,1);

/*Table structure for table `tb_verification_code` */

DROP TABLE IF EXISTS `tb_verification_code`;

CREATE TABLE `tb_verification_code` (
  `id` int(12) NOT NULL AUTO_INCREMENT COMMENT '验证码主键',
  `mobile` varchar(30) DEFAULT '' COMMENT '手机号',
  `code` int(8) DEFAULT '0' COMMENT '验证码',
  `create_time` datetime DEFAULT NULL COMMENT '创建时间',
  `update_time` datetime DEFAULT NULL COMMENT '更新时间',
  `expiration_time` datetime DEFAULT NULL COMMENT '过期时间',
  PRIMARY KEY (`id`)
) ENGINE=InnoDB AUTO_INCREMENT=15 DEFAULT CHARSET=utf8;

/*Data for the table `tb_verification_code` */

insert  into `tb_verification_code` values (1,'13323762193',849047,'0000-00-00 00:00:00',NULL,'0000-00-00 00:00:00'),(2,'15900785382',907330,'0000-00-00 00:00:00',NULL,'0000-00-00 00:00:00'),(3,'15313366091',872229,'0000-00-00 00:00:00',NULL,'0000-00-00 00:00:00'),(4,'15001056492',253973,'0000-00-00 00:00:00',NULL,'0000-00-00 00:00:00'),(5,'15900785383',470155,'2018-08-06 13:05:38',NULL,'2018-08-06 13:15:38'),(6,'15001056491',808096,'0000-00-00 00:00:00',NULL,'0000-00-00 00:00:00'),(7,'18915542276',660946,'2018-08-08 14:11:07',NULL,'2018-08-08 14:18:34'),(8,'',262684,'0000-00-00 00:00:00',NULL,'0000-00-00 00:00:00'),(9,'18915542277',723288,'0000-00-00 00:00:00',NULL,'0000-00-00 00:00:00'),(10,'18915542275',481404,'0000-00-00 00:00:00',NULL,'0000-00-00 00:00:00'),(11,'11111111111',453866,'0000-00-00 00:00:00',NULL,'0000-00-00 00:00:00'),(12,'18237177660',754706,'2018-08-08 13:42:53',NULL,'2018-08-08 13:52:53'),(13,'13967741060',699255,'2018-08-06 20:24:19',NULL,'2018-08-06 20:34:19'),(14,'15286840095',946965,'2018-08-08 11:41:41',NULL,'2018-08-08 11:51:41');

/*!40101 SET SQL_MODE=@OLD_SQL_MODE */;
/*!40014 SET FOREIGN_KEY_CHECKS=@OLD_FOREIGN_KEY_CHECKS */;
/*!40014 SET UNIQUE_CHECKS=@OLD_UNIQUE_CHECKS */;
/*!40111 SET SQL_NOTES=@OLD_SQL_NOTES */;
